Sex,Age,Fare,Pclass1,Pclass2,Pclass3,Embarked1,Embarked2,Embarked3,Master,Miss,Mr,Mrs,Officer,Royalty,Large_Family,Single,Small_Family,Survived
1,-0.5470504290182645,-0.5034024657743245,0,0,1,0,0,1,0,0,1,0,0,0,0,0,1,0
0,0.5635515213326929,0.7342219512489485,1,0,0,1,0,0,0,0,0,1,0,0,0,0,1,1
0,-0.2693999414305252,-0.49035618389457264,0,0,1,0,0,1,0,1,0,0,0,0,0,1,0,1
0,0.3553136556418884,0.38277831079844427,1,0,0,0,0,1,0,0,0,1,0,0,0,0,1,1
1,0.3553136556418884,-0.4879402057686927,0,0,1,0,0,1,0,0,1,0,0,0,0,1,0,0
1,-0.1305746976366555,-0.4800486548183184,0,0,1,0,1,0,0,0,1,0,0,0,0,1,0,0
1,1.6741534716836504,0.3588601273522326,1,0,0,0,0,1,0,0,1,0,0,0,0,1,0,0
1,-1.9353028669569614,-0.23619528505200105,0,0,1,0,0,1,1,0,0,0,0,0,1,0,0,0
0,-0.19998731953359034,-0.42834672292448733,0,0,1,0,0,1,0,0,0,1,0,0,0,0,1,1
0,-1.1023514041937432,-0.062326036853673654,0,1,0,1,0,0,0,0,0,1,0,0,0,0,1,1
0,-1.7964776231630917,-0.3207545194577996,0,0,1,0,0,1,0,1,0,0,0,0,0,0,1,1
0,1.9518039592713896,-0.13037544313845886,1,0,0,0,0,1,0,1,0,0,0,0,0,1,0,1
1,-0.6858756728121342,-0.4879402057686927,0,0,1,0,0,1,0,0,1,0,0,0,0,1,0,0
1,0.6329641432296277,-0.039051469980196485,0,0,1,0,0,1,0,0,1,0,0,0,1,0,0,0
0,-1.1023514041937432,-0.49172459390507106,0,0,1,0,0,1,0,1,0,0,0,0,0,1,0,0
0,1.7435660935805852,-0.33428399696272737,0,1,0,0,0,1,0,0,0,1,0,0,0,1,0,1
1,-1.9353028669569614,-0.08060629374533174,0,0,1,0,1,0,1,0,0,0,0,0,1,0,0,0
1,-0.1305746976366555,-0.3922674719838463,0,1,0,0,0,1,0,0,1,0,0,0,0,1,0,1
0,0.07766316805414901,-0.29562834694864804,0,0,1,0,0,1,0,0,0,1,0,0,0,0,1,0
0,-0.1305746976366555,-0.5038856613995004,0,0,1,1,0,0,0,0,0,1,0,0,0,1,0,1
1,0.3553136556418884,-0.1410057468923307,0,1,0,0,0,1,0,0,1,0,0,0,0,1,0,0
1,0.2859010337449535,-0.3922674719838463,0,1,0,0,0,1,0,0,1,0,0,0,0,1,0,1
0,-1.0329387822968084,-0.48834222452883913,0,0,1,0,1,0,0,1,0,0,0,0,0,1,0,1
1,-0.1305746976366555,0.04260859067454612,1,0,0,0,0,1,0,0,1,0,0,0,0,1,0,1
0,-1.5188271355753522,-0.23619528505200105,0,0,1,0,0,1,0,1,0,0,0,0,1,0,0,0
0,0.5635515213326929,-0.03687708966690451,0,0,1,0,0,1,0,0,0,1,0,0,1,0,0,1
1,-0.1305746976366555,-0.5038856613995004,0,0,1,1,0,0,0,0,1,0,0,0,0,1,0,0
1,-0.7552882947090691,4.43968877977607,1,0,0,0,0,1,0,0,1,0,0,0,1,0,0,0
0,-0.1305746976366555,-0.49124139827989505,0,0,1,0,1,0,0,1,0,0,0,0,0,1,0,1
1,-0.1305746976366555,-0.49092055638477816,0,0,1,0,0,1,0,0,1,0,0,0,0,1,0,0
1,0.7023767651265626,-0.10774642562021683,1,0,0,1,0,0,0,0,0,0,0,1,0,1,0,0
0,-0.1305746976366555,2.1883991852160958,1,0,0,1,0,0,0,0,0,1,0,0,0,0,1,1
0,-0.1305746976366555,-0.49373855327080457,0,0,1,0,1,0,0,1,0,0,0,0,0,1,0,1
1,2.5071049344468683,-0.4405870345014455,0,1,0,0,0,1,0,0,1,0,0,0,0,1,0,0
1,-0.1305746976366555,0.9446536460130929,1,0,0,1,0,0,0,0,1,0,0,0,0,0,1,0
1,0.8412020089204323,0.3615177032907006,1,0,0,0,0,1,0,0,1,0,0,0,0,0,1,0
1,-0.1305746976366555,-0.5038044845344709,0,0,1,1,0,0,0,0,1,0,0,0,0,1,0,1
1,-0.6164630509151994,-0.4879402057686927,0,0,1,0,0,1,0,0,1,0,0,0,0,1,0,0
0,-0.8247009166060039,-0.29562834694864804,0,0,1,0,0,1,0,1,0,0,0,0,0,0,1,0
0,-1.1023514041937432,-0.42625158669372415,0,0,1,1,0,0,0,1,0,0,0,0,0,0,1,1
0,0.7023767651265626,-0.4603980551336611,0,0,1,0,0,1,0,0,0,1,0,0,0,0,1,0
0,-0.19998731953359034,-0.237644871927529,0,1,0,0,0,1,0,0,0,1,0,0,0,0,1,0
1,-0.1305746976366555,-0.49092055638477816,0,0,1,1,0,0,0,0,1,0,0,0,0,1,0,0
0,-1.8658902450600265,0.16010630445734167,0,1,0,1,0,0,0,1,0,0,0,0,0,0,1,1
0,-0.7552882947090691,-0.49124139827989505,0,0,1,0,1,0,0,1,0,0,0,0,0,1,0,1
1,-0.1305746976366555,-0.4879402057686927,0,0,1,0,0,1,0,0,1,0,0,0,0,1,0,0
1,-0.1305746976366555,-0.3439479094662472,0,0,1,0,1,0,0,0,1,0,0,0,0,0,1,0
0,-0.1305746976366555,-0.49373855327080457,0,0,1,0,1,0,0,1,0,0,0,0,0,1,0,1
1,-0.1305746976366555,-0.22451741318274765,0,0,1,1,0,0,0,0,1,0,0,0,0,0,1,0
0,-0.8247009166060039,-0.2994939119500559,0,0,1,0,0,1,0,0,0,1,0,0,0,0,1,0
1,-1.588239757472287,0.12354385789152472,0,0,1,0,0,1,1,0,0,0,0,0,1,0,0,0
1,-0.6164630509151994,-0.4927721620204526,0,0,1,0,0,1,0,0,1,0,0,0,0,1,0,0
0,1.327090362198976,0.839479353454786,1,0,0,1,0,0,0,0,0,1,0,0,0,0,1,1
0,-0.06116207573972066,-0.1410057468923307,0,1,0,0,0,1,0,0,0,1,0,0,0,0,1,1
1,2.4376923125499332,0.5543939346009508,1,0,0,1,0,0,0,0,1,0,0,0,0,0,1,0
1,-0.1305746976366555,0.04260859067454612,1,0,0,0,0,1,0,0,1,0,0,0,0,1,0,1
0,-0.6164630509151994,-0.4405870345014455,0,1,0,0,0,1,0,1,0,0,0,0,0,1,0,1
1,-0.09586838668818809,-0.5038044845344709,0,0,1,1,0,0,0,0,1,0,0,0,0,1,0,0
0,-1.7270650012661568,-0.10718205313001128,0,1,0,0,0,1,0,1,0,0,0,0,0,0,1,1
1,-1.3105892698845478,0.26294579575479826,0,0,1,0,0,1,1,0,0,0,0,0,1,0,0,0
1,-0.5470504290182645,-0.5038044845344709,0,0,1,1,0,0,0,0,1,0,0,0,0,1,0,0
0,0.5635515213326929,0.9026968034878112,1,0,0,0,0,0,0,1,0,0,0,0,0,1,0,1
1,1.0494398746112368,0.969860995387274,1,0,0,0,0,1,0,0,1,0,0,0,0,0,1,0
1,-1.7964776231630917,-0.10428287937895536,0,0,1,0,0,1,1,0,0,0,0,0,1,0,0,0
1,-0.1305746976366555,-0.10774642562021683,1,0,0,1,0,0,0,0,1,0,0,0,0,1,0,0
1,-0.1305746976366555,-0.3488610425830367,0,0,1,1,0,0,1,0,0,0,0,0,0,0,1,1
0,-0.06116207573972066,-0.4405870345014455,0,1,0,0,0,1,0,0,0,1,0,0,0,1,0,1
1,-0.7552882947090691,-0.48584700232043027,0,0,1,0,0,1,0,0,1,0,0,0,0,1,0,0
0,-0.8941135385029387,-0.49035618389457264,0,0,1,0,0,1,0,1,0,0,0,0,1,0,0,1
1,-0.2693999414305252,-0.47610191295188087,0,0,1,0,0,1,0,0,1,0,0,0,0,0,1,0
1,0.14707578995108386,-0.4405870345014455,0,1,0,0,0,1,0,0,1,0,0,0,0,1,0,0
0,-0.9635261603998736,0.26294579575479826,0,0,1,0,0,1,0,1,0,0,0,0,1,0,0,0
1,-0.6164630509151994,0.7770659409420534,0,1,0,0,0,1,0,0,1,0,0,0,0,1,0,0
1,-0.2693999414305252,-0.3641609488586093,0,0,1,1,0,0,0,0,1,0,0,0,0,0,1,0
1,0.14707578995108386,0.4484117389573496,0,0,1,0,0,1,0,0,1,0,0,0,0,1,0,1
1,-0.33881256332746,-0.49567133577150857,0,0,1,0,0,1,0,0,1,0,0,0,0,1,0,0
1,-0.1305746976366555,-0.49092055638477816,0,0,1,0,0,1,0,0,1,0,0,0,0,1,0,0
1,-0.1305746976366555,-0.4879402057686927,0,0,1,0,0,1,0,0,1,0,0,0,0,1,0,0
1,-2.016515634576375,-0.0830222718712117,0,1,0,0,0,1,1,0,0,0,0,0,0,0,1,1
0,0.008250546157214175,-0.40241458011254216,0,0,1,0,0,1,0,1,0,0,0,0,0,1,0,1
1,-0.5470504290182645,-0.469578772012005,0,0,1,0,0,1,0,0,1,0,0,0,0,1,0,0
1,-0.06116207573972066,-0.45991485950848515,0,0,1,0,0,1,0,0,1,0,0,0,0,1,0,1
0,-0.1305746976366555,-0.4930137598330406,0,0,1,0,1,0,0,1,0,0,0,0,0,1,0,1
1,-0.1305746976366555,0.26681136075620626,1,0,0,0,0,1,0,0,1,0,0,0,0,1,0,0
0,-0.8941135385029387,-0.4405870345014455,0,1,0,0,0,1,0,1,0,0,0,0,0,1,0,1
0,0.2164884118480187,-0.3371831707137833,0,0,1,0,0,1,0,0,0,1,0,0,0,0,1,1
1,-0.9635261603998736,0.0208647875416265,0,0,1,0,0,1,0,0,1,0,0,0,1,0,0,0
1,-0.1305746976366555,-0.4879402057686927,0,0,1,0,0,1,0,0,1,0,0,0,0,1,0,0
0,-0.4776378071213297,4.43968877977607,1,0,0,0,0,1,0,1,0,0,0,0,1,0,0,1
1,-0.4082251852243949,-0.4879402057686927,0,0,1,0,0,1,0,0,1,0,0,0,0,1,0,0
1,-0.06116207573972066,-0.4879402057686927,0,0,1,0,0,1,0,0,1,0,0,0,0,1,0,0
1,-0.6858756728121342,-0.49172459390507106,0,0,1,0,0,1,0,0,1,0,0,0,0,1,0,0
1,1.1188524965081716,0.5388504977302895,1,0,0,0,0,1,0,0,1,0,0,0,0,0,1,0
1,-0.2693999414305252,-0.24585919755552088,0,0,1,0,0,1,0,0,1,0,0,0,0,0,1,0
1,2.0212165811683245,-0.5034024657743245,0,0,1,0,0,1,0,0,1,0,0,0,0,1,0,0
1,-0.1305746976366555,-0.4879402057686927,0,0,1,0,0,1,0,0,1,0,0,0,0,1,0,0
1,2.8541680439315424,0.026261116283592033,1,0,0,1,0,0,0,0,1,0,0,0,0,1,0,0
1,-0.4776378071213297,0.5810489380681593,1,0,0,1,0,0,0,0,1,0,0,0,0,0,1,1
0,0.2859010337449535,-0.1989892219134497,0,1,0,0,0,1,0,0,0,1,0,0,0,0,1,1
1,0.2859010337449535,-0.1410057468923307,0,1,0,0,0,1,0,0,1,0,0,0,0,0,1,0
0,-0.1305746976366555,-0.49092055638477816,0,0,1,0,0,1,0,1,0,0,0,0,0,1,0,0
1,-0.1305746976366555,-0.49092055638477816,0,0,1,0,0,1,0,0,1,0,0,0,0,1,0,0
1,-0.6164630509151994,0.850270078156216,1,0,0,0,0,1,0,0,1,0,0,0,0,0,1,0
1,0.2164884118480187,-0.47626233389943934,0,0,1,0,0,1,0,0,1,0,0,0,0,1,0,0
1,0.49413889943575806,-0.49035618389457264,0,0,1,0,0,1,0,0,1,0,0,0,0,0,1,0
1,-0.1305746976366555,-0.49092055638477816,0,0,1,0,0,1,0,0,1,0,0,0,0,1,0,0
0,-0.6164630509151994,-0.49567133577150857,0,0,1,0,0,1,0,1,0,0,0,0,0,1,0,1
1,-0.1305746976366555,-0.4932553576456286,0,0,1,0,0,1,0,0,1,0,0,0,0,1,0,1
1,0.5635515213326929,-0.49092055638477816,0,0,1,0,0,1,0,0,1,0,0,0,0,1,0,0
0,-0.1305746976366555,-0.17676222315535411,0,0,1,0,1,0,0,1,0,0,0,0,0,0,1,1
1,1.1882651184051065,0.3615177032907006,1,0,0,0,0,1,0,0,1,0,0,0,0,1,0,0
0,-1.067645093245276,-0.3641609488586093,0,0,1,1,0,0,0,1,0,0,0,0,0,0,1,0
1,-0.5470504290182645,-0.4879402057686927,0,0,1,0,0,1,0,0,1,0,0,0,0,1,0,0
0,-0.6858756728121342,-0.4536333163811973,0,0,1,0,0,1,0,1,0,0,0,0,0,0,1,0
0,-0.8941135385029387,-0.3640817047760804,0,0,1,1,0,0,0,1,0,0,0,0,0,1,0,0
1,-0.6164630509151994,-0.49035618389457264,0,0,1,0,0,1,0,0,1,0,0,0,0,1,0,0
1,2.819461732983075,-0.49373855327080457,0,0,1,0,1,0,0,0,1,0,0,0,0,1,0,0
1,-0.06116207573972066,-0.237644871927529,0,1,0,0,0,1,0,0,1,0,0,0,0,0,1,0
1,-0.4082251852243949,4.140509510927102,1,0,0,1,0,0,0,0,1,0,0,0,0,0,1,0
0,-1.9353028669569614,-0.039051469980196485,0,0,1,0,0,1,0,1,0,0,0,0,1,0,0,0
1,-0.6164630509151994,0.7770659409420534,0,1,0,0,0,1,0,0,1,0,0,0,0,0,1,0
1,-0.1305746976366555,-0.4879402057686927,0,0,1,0,0,1,0,0,1,0,0,0,0,1,0,0
1,0.18178210089955127,-0.062326036853673654,0,1,0,1,0,0,0,0,1,0,0,0,0,0,1,0
0,0.18178210089955127,-0.3922674719838463,0,1,0,0,0,1,0,1,0,0,0,0,0,1,0,1
1,1.6741534716836504,0.850270078156216,1,0,0,0,0,1,0,0,1,0,0,0,0,0,1,0
1,-1.241176647987613,-0.42625158669372415,0,0,1,1,0,0,1,0,0,0,0,0,0,0,1,1
1,-0.1305746976366555,-0.49373855327080457,0,0,1,0,1,0,0,0,1,0,0,0,0,1,0,0
1,-0.4082251852243949,-0.5054956692225868,0,0,1,0,0,1,0,0,1,0,0,0,0,1,0,1
0,-0.1305746976366555,-0.21139188722046703,0,0,1,1,0,0,0,1,0,0,0,0,0,0,1,1
1,1.0494398746112368,-0.5087176176512603,0,0,1,0,0,1,0,0,1,0,0,0,0,1,0,0
1,0.2164884118480187,-0.49092055638477816,0,0,1,1,0,0,0,0,1,0,0,0,0,1,0,0
1,-0.6858756728121342,-0.5072680307757323,0,0,1,0,0,1,0,0,1,0,0,0,0,1,0,0
0,1.1882651184051065,-0.3632757344732868,0,0,1,0,0,1,0,0,0,1,0,0,0,0,1,0
0,-0.06116207573972066,-0.1410057468923307,0,1,0,0,0,1,0,0,0,1,0,0,0,0,1,1
1,-0.33881256332746,-0.3922674719838463,0,1,0,0,0,1,0,0,1,0,0,0,0,1,0,0
1,-0.4776378071213297,-0.3527266075844446,0,1,0,1,0,0,0,0,1,0,0,0,0,1,0,0
0,-0.7552882947090691,-0.13553017406783635,1,0,0,0,0,1,0,1,0,0,0,0,0,0,1,1
1,0.49413889943575806,0.38277831079844427,1,0,0,0,0,1,0,0,1,0,0,0,0,0,1,0
1,-0.9635261603998736,-0.4653904323329795,0,0,1,0,0,1,0,0,1,0,0,0,0,1,0,0
1,-0.4082251852243949,0.8872345434821796,1,0,0,1,0,0,0,0,1,0,0,0,0,1,0,0
0,-0.1305746976366555,-0.3488610425830367,0,0,1,1,0,0,0,0,0,1,0,0,0,0,1,0
0,-0.5470504290182645,-0.49373855327080457,0,0,1,0,0,1,0,1,0,0,0,0,0,1,0,1
0,-0.4082251852243949,-0.3371831707137833,0,0,1,0,0,1,0,0,0,1,0,0,0,0,1,1
1,-0.7552882947090691,-0.5130663782778443,0,0,1,0,1,0,0,0,1,0,0,0,0,1,0,0
1,-0.8247009166060039,-0.4212592094944058,0,1,0,0,0,1,0,0,1,0,0,0,0,1,0,0
1,-0.7552882947090691,0.0667683719333457,0,1,0,0,0,1,0,0,1,0,0,0,0,0,1,0
1,-0.19998731953359034,-0.49285333888548216,0,0,1,0,0,1,0,0,1,0,0,0,0,1,0,1
0,-1.4494145136784173,0.0208647875416265,0,0,1,0,0,1,0,1,0,0,0,0,1,0,0,0
1,0.4594325884872906,-0.1410057468923307,0,1,0,0,0,1,0,0,1,0,0,0,0,0,1,0
1,0.8412020089204323,-0.3922674719838463,0,1,0,0,0,1,0,0,0,0,1,0,0,1,0,0
1,1.4659156059928458,-0.4014481888621902,0,1,0,0,0,1,0,0,0,0,1,0,0,1,0,0
0,-0.5470504290182645,0.6437039483934796,1,0,0,0,0,1,0,0,0,1,0,0,0,0,1,1
1,1.7782724045290526,-0.4879402057686927,0,0,1,0,0,1,0,0,1,0,0,0,0,1,0,0
1,0.73708307607503,-0.3632757344732868,0,0,1,0,0,1,0,0,1,0,0,0,0,0,1,0
1,-0.1305746976366555,-0.5021944767113844,0,0,1,0,0,1,0,0,1,0,0,0,0,1,0,0
1,1.4659156059928458,0.542797239596727,1,0,0,1,0,0,0,0,1,0,0,0,0,0,1,0
0,-0.9635261603998736,-0.49406132794842217,0,0,1,0,1,0,0,1,0,0,0,0,0,1,0,1
1,0.008250546157214175,-0.4879402057686927,0,0,1,0,0,1,0,0,1,0,0,0,0,1,0,0
1,-0.1305746976366555,-0.47610191295188087,0,0,1,0,0,1,0,0,1,0,0,0,0,1,0,0
1,-0.1305746976366555,0.7007210321642466,0,0,1,0,0,1,1,0,0,0,0,0,1,0,0,0
1,0.9800272527143019,-0.33235121446202337,0,0,1,0,0,1,0,0,1,0,0,0,0,0,1,0
0,0.7023767651265626,-0.3391159532144873,0,1,0,0,0,1,0,0,0,1,0,0,0,1,0,1
1,-0.2693999414305252,-0.4932553576456286,0,0,1,0,0,1,0,0,1,0,0,0,0,1,0,0
1,-0.8941135385029387,-0.47610191295188087,0,0,1,0,0,1,0,0,1,0,0,0,0,1,0,0
1,-2.004715488853896,0.12354385789152472,0,0,1,0,0,1,1,0,0,0,0,0,1,0,0,0
1,-1.4494145136784173,-0.24682558880587288,0,0,1,0,0,1,1,0,0,0,0,0,0,0,1,1
0,-0.1305746976366555,0.4195011783118196,1,0,0,0,0,1,0,0,0,1,0,0,0,0,1,1
0,1.0494398746112368,-0.10428287937895536,0,0,1,0,0,1,0,0,0,1,0,0,1,0,0,0
1,-0.1305746976366555,-0.14245533376785866,1,0,0,0,0,1,0,0,1,0,0,0,0,1,0,0
1,-0.1305746976366555,0.4484117389573496,0,0,1,0,0,1,0,0,1,0,0,0,0,1,0,0
1,2.160041824962194,0.003952940660466794,1,0,0,0,0,1,0,0,1,0,0,0,0,1,0,0
1,-1.7964776231630917,-0.08060629374533174,0,0,1,0,1,0,1,0,0,0,0,0,1,0,0,0
0,-2.004715488853896,-0.42834672292448733,0,0,1,0,0,1,0,1,0,0,0,0,0,0,1,1
1,-0.6164630509151994,-0.49035618389457264,0,0,1,0,0,1,0,0,1,0,0,0,0,1,0,0
1,1.81297871547752,-0.05024614622427386,1,0,0,1,0,0,0,0,1,0,0,0,0,1,0,0
1,-0.8247009166060039,-0.49172459390507106,0,0,1,0,0,1,0,0,1,0,0,0,0,0,1,0
1,-0.1305746976366555,-0.15131327596858496,0,0,1,0,0,1,1,0,0,0,0,0,1,0,0,0
0,1.396502984095911,-0.08857902156073563,1,0,0,1,0,0,0,1,0,0,0,0,0,1,0,0
1,0.008250546157214175,-0.3922674719838463,0,1,0,0,0,1,0,0,1,0,0,0,0,1,0,0
1,0.4247262775388232,-0.6435291970753619,0,0,1,0,0,1,0,0,1,0,0,0,0,1,0,0
0,-0.1305746976366555,0.7007210321642466,0,0,1,0,0,1,0,1,0,0,0,0,1,0,0,0
1,-0.1305746976366555,-0.352645430719415,0,1,0,1,0,0,0,0,1,0,0,0,0,1,0,0
1,-1.4494145136784173,-0.03687708966690451,0,0,1,0,0,1,1,0,0,0,0,0,1,0,0,0
1,-2.004715488853896,0.11025597819918495,0,1,0,0,0,1,1,0,0,0,0,0,0,0,1,1
0,-1.7964776231630917,-0.21783385129531338,0,0,1,0,0,1,0,1,0,0,0,0,0,0,1,1
1,-0.1305746976366555,0.32286205327662126,1,0,0,0,0,1,0,0,1,0,0,0,0,1,0,0
0,-0.1305746976366555,-0.3439479094662472,0,0,1,0,1,0,0,0,0,1,0,0,0,0,1,1
1,1.0494398746112368,-0.13037544313845886,1,0,0,0,0,1,0,0,1,0,0,0,0,1,0,1
1,0.7023767651265626,-0.3439479094662472,0,0,1,0,1,0,0,0,1,0,0,0,0,0,1,0
1,0.4247262775388232,-0.49092055638477816,0,0,1,0,0,1,0,0,1,0,0,0,0,1,0,0
0,0.14707578995108386,-0.3922674719838463,0,1,0,0,0,1,0,0,0,1,0,0,0,1,0,1
1,-0.7552882947090691,-0.3922674719838463,0,1,0,0,0,1,0,0,1,0,0,0,0,1,0,0
0,-0.7552882947090691,-0.49172459390507106,0,0,1,0,0,1,0,1,0,0,0,0,0,0,1,1
1,-1.8658902450600265,-0.1410057468923307,0,1,0,0,0,1,1,0,0,0,0,0,0,0,1,1
0,0.9800272527143019,-0.10774642562021683,1,0,0,1,0,0,0,0,0,1,0,0,0,1,0,1
0,1.9518039592713896,2.1883991852160958,1,0,0,1,0,0,0,1,0,0,0,0,0,1,0,1
1,-0.1305746976366555,-0.49373855327080457,0,0,1,0,1,0,0,0,1,0,0,0,0,1,0,0
1,0.8412020089204323,-0.48109429015119926,0,0,1,0,0,1,0,0,1,0,0,0,0,0,1,0
0,-0.1305746976366555,-0.49373855327080457,0,0,1,0,1,0,0,1,0,0,0,0,0,1,0,1
0,-0.4082251852243949,-0.3922674719838463,0,1,0,0,0,1,0,1,0,0,0,0,0,1,0,0
1,-0.1305746976366555,-0.45991485950848515,0,0,1,0,0,1,0,0,1,0,0,0,0,1,0,0
1,-0.1305746976366555,0.7007210321642466,0,0,1,0,0,1,0,0,1,0,0,0,1,0,0,0
1,0.2859010337449535,-0.5179795113946337,0,0,1,0,0,1,0,0,1,0,0,0,0,1,0,0
1,1.084146185559704,-0.5038856613995004,0,0,1,1,0,0,0,0,1,0,0,0,0,1,0,0
1,-0.8247009166060039,-0.4879402057686927,0,0,1,0,0,1,0,0,1,0,0,0,0,1,0,1
0,-1.9353028669569614,-0.44131182793920953,0,0,1,0,0,1,0,1,0,0,0,0,0,0,1,0
1,0.14707578995108386,-0.3371831707137833,0,0,1,0,0,1,0,0,1,0,0,0,0,0,1,0
1,-0.2693999414305252,-0.28040768475560424,0,0,1,1,0,0,0,0,1,0,0,0,0,1,0,1
0,-0.9635261603998736,-0.49373855327080457,0,0,1,0,1,0,0,1,0,0,0,0,0,1,0,1
1,0.7023767651265626,-0.04436662185713237,1,0,0,1,0,0,0,0,1,0,0,0,0,1,0,1
1,-0.4082251852243949,-0.5072680307757323,0,0,1,0,0,1,0,0,1,0,0,0,0,1,0,0
0,0.3553136556418884,-0.237644871927529,0,1,0,0,0,1,0,1,0,0,0,0,0,1,0,1
1,-0.5470504290182645,-0.5034024657743245,0,0,1,0,0,1,0,0,1,0,0,0,0,1,0,0
1,0.008250546157214175,-0.3922674719838463,0,1,0,0,0,1,0,0,1,0,0,0,0,1,0,0
1,-0.1305746976366555,-0.49373855327080457,0,0,1,0,1,0,0,0,1,0,0,0,0,0,1,0
0,0.07766316805414901,1.5458301805970562,1,0,0,1,0,0,0,1,0,0,0,0,0,0,1,1
0,-0.19998731953359034,-0.49035618389457264,0,0,1,0,0,1,0,1,0,0,0,0,0,1,0,1
1,0.8412020089204323,-0.12167792188529103,0,1,0,0,0,1,0,0,1,0,0,0,0,0,1,0
0,0.14707578995108386,0.8310234300142062,1,0,0,1,0,0,0,1,0,0,0,0,0,1,0,1
1,0.008250546157214175,-0.4405870345014455,0,1,0,0,0,1,0,0,1,0,0,0,0,1,0,0
1,-0.9635261603998736,-0.4879402057686927,0,0,1,0,0,1,0,0,1,0,0,0,0,1,0,1
1,-0.19998731953359034,-0.3922674719838463,0,1,0,0,0,1,0,0,1,0,0,0,0,1,0,0
1,1.4659156059928458,-0.4879402057686927,0,0,1,0,0,1,0,0,1,0,0,0,0,1,0,0
1,-0.1305746976366555,-0.49092055638477816,0,0,1,0,0,1,0,0,1,0,0,0,0,1,0,0
1,0.5635515213326929,1.0959750535582078,1,0,0,0,0,1,0,0,1,0,0,0,0,0,1,1
1,-0.5470504290182645,-0.46281403325954107,0,0,1,0,0,1,0,0,1,0,0,0,0,1,0,0
1,-0.7552882947090691,-0.4405870345014455,0,1,0,0,0,1,0,0,1,0,0,0,0,1,0,1
1,-0.6511693618636668,-0.5034024657743245,0,0,1,0,0,1,0,0,1,0,0,0,0,1,0,0
1,-0.8247009166060039,-0.3922674719838463,0,1,0,0,0,1,0,0,1,0,0,0,0,1,0,0
0,-0.1305746976366555,-0.15131327596858496,0,0,1,0,0,1,0,1,0,0,0,0,1,0,0,0
0,0.3553136556418884,0.969860995387274,1,0,0,0,0,1,0,0,0,1,0,0,0,0,1,1
1,-0.06116207573972066,-0.4932553576456286,0,0,1,0,0,1,0,0,1,0,0,0,0,1,0,0
1,2.0212165811683245,-0.3826035594803265,0,1,0,0,0,1,0,0,1,0,0,0,0,1,0,0
0,-1.7270650012661568,-0.03687708966690451,0,0,1,0,0,1,0,1,0,0,0,0,1,0,0,1
1,-0.4082251852243949,-0.4405870345014455,0,1,0,0,0,1,0,0,1,0,0,0,0,1,0,0
0,-0.1305746976366555,-0.4976041182722125,0,0,1,0,0,1,0,1,0,0,0,0,0,1,0,0
1,0.9800272527143019,-0.1410057468923307,0,1,0,0,0,1,0,0,1,0,0,0,0,0,1,0
0,-1.5188271355753522,-0.13617379064057078,0,1,0,0,0,1,0,1,0,0,0,0,0,0,1,1
1,-0.7552882947090691,-0.4405870345014455,0,1,0,0,0,1,0,0,1,0,0,0,0,1,0,0
1,0.2164884118480187,-0.4062801451139501,0,1,0,0,0,1,0,0,1,0,0,0,0,1,0,0
0,-0.1305746976366555,-0.3641609488586093,0,0,1,1,0,0,0,1,0,0,0,0,0,0,1,0
0,-0.1305746976366555,-0.3439479094662472,0,0,1,0,1,0,0,1,0,0,0,0,0,0,1,1
1,-0.06116207573972066,-0.4405870345014455,0,1,0,0,0,1,0,0,1,0,0,0,0,1,0,0
1,-0.5470504290182645,-0.5058184439002044,0,0,1,0,0,1,0,0,1,0,0,0,0,1,0,0
1,0.008250546157214175,-0.5038856613995004,0,0,1,1,0,0,0,0,1,0,0,0,0,1,0,0
1,0.9800272527143019,1.0959750535582078,1,0,0,0,1,0,0,0,0,0,1,0,0,0,1,0
0,-0.33881256332746,-0.4932553576456286,0,0,1,0,0,1,0,1,0,0,0,0,0,1,0,0
0,-0.4082251852243949,-0.3632757344732868,0,1,0,0,0,1,0,0,0,1,0,0,0,0,1,1
1,0.49413889943575806,0.372229183909602,1,0,0,0,0,1,0,0,1,0,0,0,0,0,1,1
1,1.6741534716836504,-0.1410057468923307,0,1,0,0,0,1,0,0,0,0,1,0,0,0,1,0
1,-0.1305746976366555,-0.5034024657743245,0,0,1,0,0,1,0,0,1,0,0,0,0,1,0,0
0,-0.06116207573972066,-0.44131182793920953,0,0,1,0,0,1,0,0,0,1,0,0,0,0,1,0
1,2.229454446859129,-0.13037544313845886,1,0,0,0,0,1,0,0,1,0,0,0,0,1,0,0
1,0.008250546157214175,-0.33235121446202337,0,0,1,0,0,1,0,0,1,0,0,0,0,0,1,0
0,0.7717893870234974,-0.2528655341205728,0,0,1,0,0,1,0,0,0,1,0,0,0,0,1,0
0,-0.06116207573972066,-0.3488610425830367,0,0,1,1,0,0,0,0,0,1,0,0,0,0,1,1
0,-0.1305746976366555,0.8872345434821796,1,0,0,1,0,0,0,0,0,1,0,0,0,1,0,1
0,0.008250546157214175,1.028327666033569,1,0,0,0,0,1,0,1,0,0,0,0,0,1,0,1
0,0.3553136556418884,9.258679926521264,1,0,0,1,0,0,0,1,0,0,0,0,0,1,0,1
0,1.396502984095911,-0.1410057468923307,0,1,0,0,0,1,0,0,0,1,0,0,0,0,1,1
1,-0.1305746976366555,-0.49373855327080457,0,0,1,0,1,0,0,0,1,0,0,0,0,1,0,0
1,-1.8658902450600265,-0.03687708966690451,0,0,1,0,0,1,1,0,0,0,0,0,1,0,0,1
1,1.5353282278897806,0.8959320647353475,1,0,0,0,0,1,0,0,1,0,0,0,0,0,1,0
1,0.7023767651265626,-0.6435291970753619,1,0,0,0,0,1,0,0,1,0,0,0,0,1,0,0
0,-0.1305746976366555,-0.49373855327080457,0,0,1,0,1,0,0,1,0,0,0,0,0,1,0,0
1,0.4247262775388232,-0.4405870345014455,0,1,0,0,0,1,0,0,1,0,0,0,0,1,0,0
1,-0.9635261603998736,0.12354385789152472,0,0,1,0,0,1,0,0,1,0,0,0,1,0,0,0
1,-0.33881256332746,-0.4932553576456286,0,0,1,0,0,1,0,0,1,0,0,0,0,0,1,1
0,1.9518039592713896,2.322567148067463,1,0,0,0,0,1,0,0,0,1,0,0,0,0,1,1
0,0.3553136556418884,1.977967490451951,1,0,0,0,0,1,0,1,0,0,0,0,0,1,0,1
1,-0.1305746976366555,-0.04436662185713237,1,0,0,0,0,1,0,0,1,0,0,0,0,1,0,0
1,-0.33881256332746,-0.6435291970753619,0,0,1,0,0,1,0,0,1,0,0,0,0,1,0,1
0,0.7717893870234974,-0.26663660943808853,0,1,0,0,0,1,0,0,0,1,0,0,0,0,1,1
1,0.49413889943575806,-0.06949279436628394,1,0,0,1,0,0,0,0,1,0,0,0,0,0,1,0
0,-0.1305746976366555,-0.49373855327080457,0,0,1,0,1,0,0,1,0,0,0,0,0,1,0,1
0,2.2988670687560635,0.8632351831709382,1,0,0,0,0,1,0,1,0,0,0,0,0,0,1,1
0,1.0494398746112368,-0.49373855327080457,0,0,1,0,0,1,0,1,0,0,0,0,0,1,0,0
1,-0.1305746976366555,-0.6435291970753619,0,1,0,0,0,1,0,0,1,0,0,0,0,1,0,0
1,-1.588239757472287,-0.08060629374533174,0,0,1,0,1,0,1,0,0,0,0,0,1,0,0,0
0,0.3553136556418884,-0.2521407406828088,0,0,1,0,0,1,0,0,0,1,0,0,0,0,1,1
1,2.4376923125499332,-0.49373855327080457,0,0,1,0,1,0,0,0,1,0,0,0,0,1,0,0
1,-0.1305746976366555,-0.49172459390507106,0,0,1,0,0,1,0,0,1,0,0,0,0,1,0,0
1,-0.9635261603998736,-0.45991485950848515,0,0,1,0,0,1,0,0,1,0,0,0,0,1,0,0
1,-0.7552882947090691,-0.4879402057686927,0,0,1,0,0,1,0,0,1,0,0,0,0,1,0,1
1,-0.1305746976366555,-0.1410057468923307,1,0,0,0,0,1,0,0,1,0,0,0,0,1,0,0
1,0.2164884118480187,-0.47610191295188087,0,0,1,1,0,0,0,0,1,0,0,0,0,1,0,0
1,0.008250546157214175,-0.45991485950848515,0,0,1,0,0,1,0,0,1,0,0,0,0,1,0,1
1,-0.5470504290182645,-0.49092055638477816,0,0,1,0,0,1,0,0,1,0,0,0,0,1,0,0
1,0.8412020089204323,-0.3922674719838463,0,1,0,0,0,1,0,0,1,0,0,0,0,1,0,1
0,-0.5470504290182645,-0.49373855327080457,0,0,1,0,1,0,0,1,0,0,0,0,0,1,0,1
0,-0.2693999414305252,0.8804698047297155,1,0,0,0,0,1,0,1,0,0,0,0,0,1,0,1
0,-0.7552882947090691,1.1168336423058052,1,0,0,1,0,0,0,0,0,1,0,0,0,0,1,1
1,0.4247262775388232,-0.3946834501097263,0,1,0,1,0,0,0,0,1,0,0,0,0,1,0,0
0,-0.4082251852243949,-0.4724779457630609,0,0,1,0,0,1,0,1,0,0,0,0,0,1,0,0
1,-0.4082251852243949,-0.49092055638477816,0,0,1,0,0,1,0,0,1,0,0,0,0,1,0,0
1,-0.1305746976366555,-0.10774642562021683,1,0,0,1,0,0,0,0,1,0,0,0,0,1,0,0
1,-0.44293149617286226,-0.5038044845344709,0,0,1,1,0,0,0,0,1,0,0,0,0,1,0,0
0,-1.9353028669569614,2.2856026827414997,1,0,0,0,0,1,0,1,0,0,0,0,0,0,1,0
1,-0.1305746976366555,-0.0540305343606522,1,0,0,0,0,1,0,0,1,0,0,0,0,1,0,1
0,1.396502984095911,4.140509510927102,1,0,0,1,0,0,0,0,0,1,0,0,0,0,1,1
0,-0.1305746976366555,-0.49373855327080457,0,0,1,0,1,0,0,1,0,0,0,0,0,1,0,1
1,-0.1305746976366555,-0.19415726566168978,0,0,1,0,1,0,0,0,1,0,0,0,0,0,1,1
1,-0.7552882947090691,-0.6435291970753619,0,0,1,0,0,1,0,0,1,0,0,0,0,1,0,0
0,-0.1305746976366555,-0.40483055823842207,0,1,0,0,1,0,0,1,0,0,0,0,0,1,0,1
1,-0.1305746976366555,-0.4879402057686927,0,0,1,0,0,1,0,0,1,0,0,0,0,1,0,0
1,-2.010268498605651,2.2856026827414997,1,0,0,0,0,1,1,0,0,0,0,0,0,0,1,1
0,-0.1305746976366555,1.4996038215277192,1,0,0,1,0,0,0,1,0,0,0,0,0,1,0,1
0,-0.8941135385029387,1.4612709461912579,1,0,0,1,0,0,0,0,0,1,0,0,0,0,1,1
1,0.008250546157214175,-0.17966139690641003,0,1,0,1,0,0,0,0,1,0,0,0,0,0,1,0
0,0.008250546157214175,0.45678841831540057,1,0,0,1,0,0,0,1,0,0,0,0,0,1,0,1
0,-0.4082251852243949,0.9637398732075445,1,0,0,1,0,0,0,1,0,0,0,0,0,1,0,1
0,-0.8247009166060039,4.42760888914667,1,0,0,1,0,0,0,1,0,0,0,0,1,0,0,1
0,-0.2693999414305252,-0.1410057468923307,0,1,0,0,0,1,0,0,0,1,0,0,0,0,1,0
1,-0.1305746976366555,-0.49092055638477816,0,0,1,0,0,1,0,0,1,0,0,0,0,1,0,0
1,0.910614630817367,-0.13617379064057078,0,1,0,0,0,1,0,0,1,0,0,0,0,0,1,0
0,-0.2693999414305252,-0.49172459390507106,0,0,1,0,0,1,0,1,0,0,0,0,0,1,0,1
0,-0.4082251852243949,-0.1410057468923307,0,1,0,0,0,1,0,0,0,1,0,0,0,0,1,1
1,1.6741534716836504,-0.37293964697680665,0,1,0,0,0,1,0,0,0,0,1,0,0,1,0,0
0,0.07766316805414901,2.5429855300127446,1,0,0,0,0,1,0,1,0,0,0,0,0,0,1,1
0,0.7023767651265626,1.9560632663714732,1,0,0,1,0,0,0,0,0,1,0,0,0,0,1,1
1,-0.5470504290182645,-0.5034024657743245,0,0,1,0,0,1,0,0,1,0,0,0,0,1,0,0
1,-0.19998731953359034,-0.49092055638477816,0,0,1,0,0,1,0,0,1,0,0,0,0,1,0,0
0,0.008250546157214175,-0.40483055823842207,0,1,0,0,1,0,0,1,0,0,0,0,0,1,0,1
0,-0.5470504290182645,-0.0830222718712117,0,1,0,0,0,1,0,0,0,1,0,0,0,0,1,1
1,-0.1305746976366555,0.7007210321642466,0,0,1,0,0,1,0,0,1,0,0,0,1,0,0,0
0,0.4247262775388232,1.977967490451951,1,0,0,1,0,0,0,1,0,0,0,0,0,1,0,1
1,2.160041824962194,-0.522971888593952,0,0,1,0,0,1,0,0,1,0,0,0,0,1,0,0
0,0.4247262775388232,-0.3922674719838463,0,1,0,0,0,1,0,0,0,1,0,0,0,1,0,1
0,0.07766316805414901,-0.24682558880587288,0,0,1,0,0,1,0,0,0,1,0,0,0,0,1,1
0,-0.9635261603998736,0.47708263457279215,1,0,0,1,0,0,0,1,0,0,0,0,0,0,1,1
0,-0.1305746976366555,-0.19415726566168978,0,0,1,0,1,0,0,1,0,0,0,0,0,0,1,1
1,1.084146185559704,-0.09268618437473153,1,0,0,0,0,1,0,0,1,0,0,0,0,1,0,0
1,0.5635515213326929,2.322567148067463,1,0,0,0,0,1,0,0,1,0,0,0,0,0,1,0
1,-0.9635261603998736,-0.29562834694864804,0,0,1,0,0,1,0,0,1,0,0,0,0,0,1,0
0,-0.1305746976366555,1.9396346151154895,1,0,0,0,0,1,0,0,0,1,0,0,0,0,1,1
1,-0.1305746976366555,-0.49092055638477816,0,0,1,0,0,1,0,0,1,0,0,0,0,1,0,0
1,-0.06116207573972066,0.6437039483934796,1,0,0,0,0,1,0,0,1,0,0,0,0,0,1,0
0,0.7717893870234974,1.9560632663714732,1,0,0,1,0,0,0,1,0,0,0,0,0,1,0,1
1,1.0494398746112368,-0.4879402057686927,0,0,1,0,0,1,0,0,1,0,0,0,0,1,0,1
1,1.0494398746112368,0.04260859067454612,1,0,0,0,0,1,0,0,1,0,0,0,0,1,0,0
1,-1.9353028669569614,-0.1410057468923307,0,1,0,0,0,1,1,0,0,0,0,0,0,0,1,1
0,-0.4082251852243949,4.43968877977607,1,0,0,0,0,1,0,1,0,0,0,0,1,0,0,1
1,-0.1305746976366555,-0.3922674719838463,0,1,0,0,0,1,0,0,1,0,0,0,0,1,0,0
1,-0.33881256332746,-0.3922674719838463,0,1,0,0,0,1,0,0,1,0,0,0,0,1,0,0
1,0.4247262775388232,-0.3922674719838463,0,1,0,0,0,1,0,0,1,0,0,0,0,1,0,0
0,-0.4082251852243949,-0.3922674719838463,0,1,0,0,0,1,0,1,0,0,0,0,0,1,0,1
0,0.7023767651265626,-0.3922674719838463,0,1,0,0,0,1,0,1,0,0,0,0,0,1,0,1
0,-0.1305746976366555,-0.33235121446202337,0,0,1,0,0,1,0,0,0,1,0,0,0,0,1,1
1,-1.8658902450600265,-0.3362167794634313,0,0,1,0,0,1,1,0,0,0,0,0,0,0,1,1
1,0.8412020089204323,-0.47610191295188087,0,0,1,0,0,1,0,0,1,0,0,0,0,1,0,0
1,-0.4776378071213297,-0.465230011385421,0,0,1,0,0,1,0,0,1,0,0,0,0,1,0,0
1,-0.1305746976366555,0.032944678171026295,1,0,0,0,0,1,0,0,1,0,0,0,0,1,0,0
1,-1.0329387822968084,-0.5038044845344709,0,0,1,1,0,0,0,0,1,0,0,0,0,0,1,0
1,-0.33881256332746,-0.2994939119500559,0,0,1,0,0,1,0,0,1,0,0,0,0,0,1,0
1,-0.1305746976366555,-0.5038856613995004,0,0,1,1,0,0,0,0,1,0,0,0,0,1,0,0
1,-0.1305746976366555,-0.45991485950848515,0,0,1,0,0,1,0,0,1,0,0,0,0,1,0,0
0,-0.5470504290182645,0.4195011783118196,1,0,0,0,0,1,0,1,0,0,0,0,0,0,1,1
0,0.5635515213326929,-0.3922674719838463,0,1,0,0,0,1,0,1,0,0,0,0,0,1,0,0
0,-0.1305746976366555,-0.49124139827989505,0,0,1,0,1,0,0,1,0,0,0,0,0,1,0,1
0,-0.1305746976366555,-0.49124139827989505,0,0,1,0,1,0,0,1,0,0,0,0,0,1,0,1
1,0.7023767651265626,-0.10428287937895536,0,0,1,0,0,1,0,0,1,0,0,0,1,0,0,0
1,-0.06116207573972066,-0.10774642562021683,0,1,0,1,0,0,0,0,1,0,0,0,0,0,1,0
0,1.0494398746112368,-0.3641609488586093,0,0,1,1,0,0,0,0,0,1,0,0,0,0,1,0
1,0.3553136556418884,-0.5072680307757323,0,0,1,0,0,1,0,0,1,0,0,0,0,1,0,0
1,-0.1305746976366555,-0.3439479094662472,0,0,1,0,1,0,0,0,1,0,0,0,0,0,1,0
1,0.008250546157214175,-0.5034024657743245,0,0,1,0,0,1,0,0,1,0,0,0,0,1,0,0
0,2.090629203065259,0.8108896347043728,1,0,0,1,0,0,0,0,0,1,0,0,0,0,1,1
0,-0.1305746976366555,-0.5038044845344709,0,0,1,1,0,0,0,0,0,1,0,0,0,1,0,1
0,-0.1305746976366555,-0.49373855327080457,0,0,1,0,1,0,0,1,0,0,0,0,0,1,0,1
0,-0.4082251852243949,0.6958890759124867,1,0,0,1,0,0,0,0,0,1,0,0,0,1,0,1
1,-0.33881256332746,0.42803827861742894,1,0,0,1,0,0,0,0,1,0,0,0,0,0,1,1
1,-0.8247009166060039,-0.5179795113946337,0,0,1,0,0,1,0,0,1,0,0,0,0,0,1,0
1,-0.7552882947090691,-0.4879402057686927,0,0,1,0,0,1,0,0,1,0,0,0,0,1,0,0
1,-0.5470504290182645,1.977967490451951,1,0,0,1,0,0,0,0,1,0,0,0,0,1,0,0
0,-1.8658902450600265,-0.23619528505200105,0,0,1,0,0,1,0,1,0,0,0,0,1,0,0,0
0,-0.1305746976366555,0.9446536460130929,1,0,0,1,0,0,0,0,0,1,0,0,0,0,1,1
0,-0.5470504290182645,-0.5034024657743245,0,0,1,0,0,1,0,1,0,0,0,0,0,1,0,1
1,-0.19998731953359034,3.444305791913527,1,0,0,1,0,0,0,0,1,0,0,0,0,0,1,0
1,-0.6858756728121342,-0.5659762992346153,0,0,1,1,0,0,0,0,1,0,0,0,0,1,0,0
1,-0.7552882947090691,-0.4932553576456286,0,0,1,0,0,1,0,0,1,0,0,0,0,1,0,0
0,0.8412020089204323,3.754034187651338,1,0,0,1,0,0,0,1,0,0,0,0,0,1,0,1
0,-2.004715488853896,-0.33927637416204565,0,0,1,1,0,0,0,1,0,0,0,0,0,0,1,1
1,0.14707578995108386,-0.49035618389457264,0,0,1,0,0,1,0,0,1,0,0,0,0,1,0,0
0,0.3553136556418884,0.3615177032907006,1,0,0,0,0,1,0,0,0,1,0,0,0,0,1,1
1,-0.1305746976366555,-0.49092055638477816,0,0,1,0,0,1,0,0,1,0,0,0,0,1,0,0
1,-0.8247009166060039,0.7770659409420534,0,1,0,0,0,1,0,0,1,0,0,0,0,1,0,0
1,-2.004715488853896,0.26294579575479826,0,0,1,0,0,1,1,0,0,0,0,0,1,0,0,0
0,0.4247262775388232,-0.3922674719838463,0,1,0,0,0,1,0,1,0,0,0,0,0,1,0,1
1,-0.1305746976366555,-0.494140572030951,0,0,1,0,1,0,0,0,1,0,0,0,0,1,0,0
0,-0.8941135385029387,-0.411595296990886,0,1,0,1,0,0,0,1,0,0,0,0,0,1,0,1
1,0.4247262775388232,1.675809803769398,1,0,0,0,0,1,0,0,1,0,0,0,0,0,1,1
1,-0.6164630509151994,-0.49285333888548216,0,0,1,0,0,1,0,0,1,0,0,0,0,1,0,1
1,-0.1305746976366555,-0.49035618389457264,0,0,1,0,0,1,0,0,1,0,0,0,0,0,1,0
0,-0.4776378071213297,1.5458301805970562,1,0,0,1,0,0,0,1,0,0,0,0,0,0,1,1
0,-0.4082251852243949,-0.3207545194577996,0,0,1,0,0,1,0,0,0,1,0,0,0,0,1,1
1,-0.5470504290182645,-0.49285333888548216,0,0,1,0,0,1,0,0,1,0,0,0,0,1,0,0
0,0.07766316805414901,-0.49172459390507106,0,0,1,0,0,1,0,1,0,0,0,0,0,1,0,0
1,1.1188524965081716,-0.1410057468923307,0,1,0,0,0,1,0,0,1,0,0,0,0,1,0,0
1,-0.4776378071213297,-0.4405870345014455,0,1,0,0,0,1,0,0,0,0,1,0,0,1,0,0
0,-0.1305746976366555,-0.39903221073631023,0,1,0,0,0,1,0,0,0,1,0,0,0,1,0,1
1,0.6329641432296277,-0.49035618389457264,0,0,1,0,0,1,0,0,1,0,0,0,0,1,0,1
1,-0.2693999414305252,-0.4879402057686927,0,0,1,0,0,1,0,0,1,0,0,0,0,1,0,0
0,-0.6164630509151994,-0.4536333163811973,0,0,1,0,0,1,0,1,0,0,0,0,0,0,1,0
1,-0.1305746976366555,-0.3371831707137833,0,0,1,0,0,1,0,0,1,0,0,0,0,0,1,0
0,-0.6858756728121342,-0.47610191295188087,0,0,1,0,0,1,0,1,0,0,0,0,0,1,0,0
1,0.2859010337449535,-0.237644871927529,0,1,0,0,0,1,0,0,1,0,0,0,0,0,1,0
1,1.4659156059928458,-0.49373855327080457,0,0,1,0,0,1,0,0,1,0,0,0,0,1,0,0
1,-1.8658902450600265,-0.2811324781933683,0,1,0,0,0,1,1,0,0,0,0,0,0,0,1,1
1,-0.6164630509151994,-0.4932553576456286,0,0,1,0,0,1,0,0,1,0,0,0,0,1,0,0
0,-0.1305746976366555,-0.15131327596858496,0,0,1,0,0,1,0,1,0,0,0,0,1,0,0,0
1,-0.1305746976366555,-0.49092055638477816,0,0,1,0,0,1,0,0,1,0,0,0,0,1,0,0
1,-0.1305746976366555,-0.5109731748295818,0,0,1,0,1,0,0,0,1,0,0,0,0,1,0,0
0,0.2164884118480187,1.0959750535582078,1,0,0,0,1,0,0,1,0,0,0,0,0,0,1,1
1,-0.1305746976366555,-0.6435291970753619,0,1,0,0,0,1,0,0,1,0,0,0,0,1,0,0
1,0.9800272527143019,-0.49035618389457264,0,0,1,0,0,1,0,0,1,0,0,0,0,1,0,1
0,-0.1305746976366555,-0.4879402057686927,0,0,1,0,0,1,0,0,0,1,0,0,0,1,0,0
0,0.2859010337449535,-0.015374884346572871,0,1,0,0,0,1,0,0,0,1,0,0,0,0,1,1
0,-0.8247009166060039,-0.3922674719838463,0,1,0,0,0,1,0,1,0,0,0,0,0,0,1,1
1,0.008250546157214175,-0.3922674719838463,0,1,0,0,0,1,0,0,1,0,0,0,0,1,0,0
0,-1.3800018917814827,-0.17676222315535411,0,0,1,0,0,1,0,1,0,0,0,0,0,0,1,0
1,-0.1305746976366555,-0.49092055638477816,0,0,1,1,0,0,0,0,1,0,0,0,0,1,0,0
1,-0.6164630509151994,-0.49406132794842217,0,0,1,0,1,0,0,0,1,0,0,0,0,1,0,0
1,-0.06116207573972066,-0.4913225751449246,0,0,1,0,0,1,0,0,1,0,0,0,0,1,0,0
0,-0.1305746976366555,-0.3652085169739908,0,0,1,0,0,1,0,0,0,1,0,0,0,0,1,0
1,-0.8247009166060039,-0.2528655341205728,0,0,1,0,0,1,0,0,1,0,0,0,0,0,1,0
1,-0.1305746976366555,-0.5034024657743245,0,0,1,0,0,1,0,0,1,0,0,0,0,1,0,0
0,-0.1305746976366555,-0.1410057468923307,0,1,0,0,0,1,0,0,0,1,0,0,0,0,1,1
0,-0.7552882947090691,-0.1410057468923307,0,1,0,0,0,1,0,1,0,0,0,0,0,1,0,1
1,-0.1305746976366555,-0.49373855327080457,0,0,1,0,1,0,0,0,1,0,0,0,0,1,0,0
1,0.14707578995108386,-0.4879402057686927,0,0,1,0,0,1,0,0,1,0,0,0,0,1,0,1
1,-0.1305746976366555,-0.13037544313845886,1,0,0,0,0,1,0,0,1,0,0,0,0,1,0,1
0,-0.1305746976366555,-0.33235121446202337,0,0,1,0,0,1,0,0,0,1,0,0,0,0,1,1
0,0.8412020089204323,-0.1410057468923307,0,1,0,0,0,1,0,0,0,1,0,0,0,0,1,1
1,-0.8941135385029387,-0.5058184439002044,0,0,1,0,0,1,0,0,1,0,0,0,0,1,0,0
1,1.396502984095911,0.43689622081815527,1,0,0,0,0,1,0,0,1,0,0,0,0,0,1,0
0,-1.1023514041937432,1.675809803769398,1,0,0,0,0,1,0,1,0,0,0,0,0,0,1,1
0,-0.6164630509151994,0.0208647875416265,0,0,1,0,0,1,0,1,0,0,0,0,1,0,0,0
0,-0.4082251852243949,-0.2811324781933683,0,1,0,0,0,1,0,0,0,1,0,0,1,0,0,1
1,2.3682796906529986,4.43968877977607,1,0,0,0,0,1,0,0,1,0,0,0,1,0,0,0
1,0.07766316805414901,-0.4405870345014455,0,1,0,0,0,1,0,0,1,0,0,0,0,1,0,0
0,1.0494398746112368,-0.13617379064057078,0,1,0,0,0,1,0,0,0,1,0,0,0,0,1,1
1,-0.6858756728121342,-0.45991485950848515,0,0,1,0,0,1,0,0,1,0,0,0,0,1,0,0
1,-0.33881256332746,-0.4932553576456286,0,0,1,0,0,1,0,0,1,0,0,0,0,0,1,0
0,-0.1305746976366555,-0.3922674719838463,0,1,0,0,0,1,0,0,0,1,0,0,0,1,0,1
1,-0.1305746976366555,-0.4867322167057527,0,0,1,0,0,1,0,0,1,0,0,0,0,1,0,1
1,-1.7964776231630917,0.938613700698393,1,0,0,0,0,1,1,0,0,0,0,0,0,0,1,1
0,-1.171764026090678,-0.26663660943808853,0,1,0,0,0,1,0,1,0,0,0,0,0,0,1,1
1,0.2859010337449535,-0.13037544313845886,1,0,0,0,0,1,0,0,1,0,0,0,0,1,0,1
0,-1.7270650012661568,-0.27130814474229004,0,0,1,1,0,0,0,1,0,0,0,0,0,0,1,1
1,1.5353282278897806,-0.0540305343606522,1,0,0,0,0,1,0,0,0,0,1,0,0,1,0,1
1,0.4247262775388232,-0.10718205313001128,0,1,0,0,0,1,0,0,1,0,0,0,0,0,1,0
1,-0.1305746976366555,-0.25761631350730313,0,0,1,0,0,1,0,0,1,0,0,0,0,0,1,0
1,0.008250546157214175,-0.10718205313001128,1,0,0,1,0,0,0,0,1,0,0,0,0,1,0,0
1,1.327090362198976,1.078661187916902,1,0,0,1,0,0,0,0,1,0,0,0,0,0,1,1
1,-0.1305746976366555,-0.4879402057686927,0,0,1,0,0,1,0,0,1,0,0,0,0,1,0,0
1,-0.06116207573972066,-0.49092055638477816,0,0,1,1,0,0,0,0,1,0,0,0,0,1,0,1
1,2.4376923125499332,-0.13037544313845886,1,0,0,0,0,1,0,0,1,0,0,0,0,1,0,0
0,-0.1305746976366555,0.3588601273522326,1,0,0,0,0,1,0,0,0,1,0,0,0,0,1,1
0,1.396502984095911,-0.4405870345014455,0,1,0,0,0,1,0,1,0,0,0,0,0,1,0,1
1,-0.1305746976366555,-0.49373855327080457,0,0,1,0,1,0,0,0,1,0,0,0,0,1,0,0
1,1.2576777403020414,-0.13037544313845886,1,0,0,0,0,1,0,0,1,0,0,0,0,1,0,1
1,0.2859010337449535,-0.4879402057686927,0,0,1,0,0,1,0,0,1,0,0,0,0,1,0,0
1,1.1882651184051065,0.10059206569566512,1,0,0,0,0,1,0,0,1,0,0,0,0,1,0,0
1,1.2576777403020414,-0.3922674719838463,0,1,0,0,0,1,0,0,1,0,0,0,0,1,0,0
1,-0.1305746976366555,-0.4879402057686927,0,0,1,0,0,1,0,0,1,0,0,0,0,1,0,0
1,0.5635515213326929,-0.5072680307757323,0,0,1,0,0,1,0,0,1,0,0,0,0,1,0,0
1,-0.1305746976366555,-0.6435291970753619,0,1,0,0,0,1,0,0,1,0,0,0,0,1,0,0
1,1.81297871547752,-0.13037544313845886,1,0,0,0,0,1,0,0,1,0,0,0,0,1,0,0
1,-0.1305746976366555,-0.49422174889598053,0,0,1,0,1,0,0,0,1,0,0,0,0,1,0,0
0,-2.02206864432813,-0.27130814474229004,0,0,1,1,0,0,0,1,0,0,0,0,0,0,1,1
1,-0.1305746976366555,-0.5034024657743245,0,0,1,0,0,1,0,0,1,0,0,0,0,1,0,0
1,0.5635515213326929,-0.47610191295188087,0,0,1,0,0,1,0,0,1,0,0,0,0,1,0,0
0,0.2164884118480187,-0.10718205313001128,0,1,0,0,0,1,0,0,0,1,0,0,0,0,1,1
0,-0.4776378071213297,-0.37696563292577306,0,1,0,1,0,0,0,0,0,1,0,0,0,1,0,1
0,-0.5470504290182645,-0.4533917185686093,0,0,1,0,0,1,0,1,0,0,0,0,0,1,0,0
1,-0.1305746976366555,0.3615177032907006,1,0,0,0,0,1,0,0,1,0,0,0,0,1,0,0
1,0.2859010337449535,-0.237644871927529,0,1,0,0,0,1,0,0,1,0,0,0,0,0,1,0
1,-0.06116207573972066,-0.507349207640762,0,0,1,0,0,1,0,0,1,0,0,0,0,0,1,0
1,-0.5470504290182645,-0.49816849076241804,0,0,1,0,0,1,0,0,1,0,0,0,0,1,0,0
0,-1.9353028669569614,-0.4060385473013621,0,0,1,0,0,1,0,1,0,0,0,0,0,0,1,1
1,-1.4494145136784173,0.26294579575479826,0,0,1,0,0,1,1,0,0,0,0,0,1,0,0,0
1,-0.1305746976366555,-0.6435291970753619,0,1,0,0,0,1,0,0,1,0,0,0,0,1,0,0
1,1.396502984095911,-0.4879402057686927,0,0,1,0,0,1,0,0,1,0,0,0,0,1,0,0
0,2.2988670687560635,-0.45822367482036924,0,0,1,0,0,1,0,0,0,1,0,0,0,1,0,1
1,-0.33881256332746,1.1168336423058052,1,0,0,1,0,0,0,0,1,0,0,0,0,0,1,1
0,-0.1305746976366555,-0.15131327596858496,0,0,1,0,0,1,0,1,0,0,0,0,1,0,0,0
0,0.3553136556418884,1.0959750535582078,1,0,0,0,0,1,0,0,0,1,0,0,0,0,1,1
1,1.9518039592713896,-0.06949279436628394,1,0,0,1,0,0,0,0,1,0,0,0,0,1,0,0
1,0.008250546157214175,-0.4879402057686927,0,0,1,0,0,1,0,0,1,0,0,0,0,1,0,0
1,-1.4494145136784173,-0.3362167794634313,0,0,1,0,0,1,1,0,0,0,0,0,0,0,1,1
1,-0.1305746976366555,-0.25761631350730313,0,0,1,0,0,1,0,0,1,0,0,0,0,0,1,0
1,-0.6164630509151994,-0.5034024657743245,0,0,1,0,0,1,0,0,1,0,0,0,0,1,0,0
1,1.7435660935805852,-0.0540305343606522,1,0,0,0,0,1,0,0,1,0,0,0,0,1,0,0
1,2.8541680439315424,0.31327931763813094,1,0,0,1,0,0,0,0,1,0,0,0,0,1,0,0
1,-0.6164630509151994,-0.4879402057686927,0,0,1,0,0,1,0,0,1,0,0,0,0,1,0,0
1,-0.1305746976366555,-0.3640817047760804,0,0,1,1,0,0,0,0,1,0,0,0,0,1,0,0
0,1.6741534716836504,0.8691958844031094,1,0,0,1,0,0,0,1,0,0,0,0,0,0,1,1
1,-0.1305746976366555,-0.35167903946906304,0,0,1,0,0,1,0,0,1,0,0,0,0,1,0,0
0,-0.33881256332746,2.2856026827414997,1,0,0,0,0,1,0,0,0,1,0,0,0,0,1,0
1,-0.4082251852243949,-0.49285333888548216,0,0,1,0,0,1,0,0,1,0,0,0,0,1,0,0
1,-0.8941135385029387,-0.47610191295188087,0,0,1,0,0,1,0,0,1,0,0,0,0,1,0,0
0,-0.6164630509151994,-0.49373855327080457,0,0,1,0,1,0,0,1,0,0,0,0,0,1,0,0
0,-0.1305746976366555,-0.49607335453165496,0,0,1,0,1,0,0,1,0,0,0,0,0,1,0,0
0,0.49413889943575806,-0.45822367482036924,0,0,1,0,0,1,0,1,0,0,0,0,0,1,0,0
0,-0.9635261603998736,1.028327666033569,1,0,0,0,0,1,0,1,0,0,0,0,0,1,0,1
1,-0.8247009166060039,1.4612709461912579,1,0,0,1,0,0,0,0,1,0,0,0,0,0,1,0
0,0.2164884118480187,-0.1410057468923307,0,1,0,0,0,1,0,0,0,1,0,0,0,0,1,1
1,-0.1305746976366555,-0.13037544313845886,1,0,0,0,0,1,0,0,1,0,0,0,0,1,0,1
1,-0.1305746976366555,-0.20816993879179355,0,0,1,0,0,1,0,0,1,0,0,0,0,1,0,0
1,-0.2693999414305252,0.4484117389573496,0,0,1,0,0,1,0,0,1,0,0,0,0,1,0,1
1,-0.06116207573972066,-0.49373855327080457,0,0,1,0,1,0,0,0,1,0,0,0,0,1,0,1
1,-0.1305746976366555,-0.4879402057686927,0,0,1,0,0,1,0,0,1,0,0,0,0,1,0,0
1,0.4247262775388232,-0.13544899720280676,1,0,0,0,0,1,0,0,1,0,0,0,0,1,0,1
0,1.6741534716836504,0.5045436083427941,1,0,0,1,0,0,0,0,0,1,0,0,0,0,1,1
1,-0.4082251852243949,-0.4986516863875941,0,0,1,0,0,1,0,0,1,0,0,0,0,1,0,0
1,1.1882651184051065,0.014018871924133076,1,0,0,0,0,1,0,0,1,0,0,0,0,1,0,0
0,0.2859010337449535,-0.4405870345014455,0,1,0,0,0,1,0,0,0,1,0,0,0,1,0,1
1,-0.1305746976366555,-0.17676222315535411,0,0,1,0,1,0,0,0,1,0,0,0,0,1,0,0
0,0.4247262775388232,-0.1410057468923307,0,1,0,0,0,1,0,0,0,1,0,0,0,0,1,1
1,0.14707578995108386,-0.49092055638477816,0,0,1,0,0,1,0,0,1,0,0,0,0,1,0,0
0,0.008250546157214175,1.1636224410828466,1,0,0,0,0,1,0,1,0,0,0,0,0,1,0,1
1,-0.5470504290182645,-0.49092055638477816,0,0,1,0,0,1,0,0,1,0,0,0,0,1,0,0
1,-0.1305746976366555,-0.5038856613995004,0,0,1,1,0,0,0,0,1,0,0,0,0,1,0,0
0,0.9800272527143019,0.47708263457279215,1,0,0,1,0,0,0,0,0,1,0,0,0,0,1,1
1,-0.1305746976366555,-0.5038044845344709,0,0,1,1,0,0,0,0,1,0,0,0,0,1,0,0
1,0.73708307607503,-0.49373855327080457,0,0,1,0,1,0,0,0,1,0,0,0,0,1,0,0
0,1.396502984095911,-0.4405870345014455,0,1,0,0,0,1,0,1,0,0,0,0,0,1,0,1
1,-0.1305746976366555,3.6429803707258896,1,0,0,0,0,1,0,0,1,0,0,0,0,1,0,0
1,0.6329641432296277,-0.49035618389457264,0,0,1,0,0,1,0,0,1,0,0,0,0,1,0,0
1,-0.4776378071213297,-0.4212592094944058,0,1,0,0,0,1,0,0,1,0,0,0,0,0,1,0
0,-1.9353028669569614,-0.1410057468923307,0,1,0,0,0,1,0,1,0,0,0,0,0,0,1,1
1,-0.1305746976366555,-0.5038044845344709,0,0,1,1,0,0,0,0,1,0,0,0,0,1,0,0
1,-0.8941135385029387,-0.5038044845344709,0,0,1,1,0,0,0,0,1,0,0,0,0,0,1,0
0,-0.1305746976366555,-0.21139188722046703,0,0,1,1,0,0,0,0,0,1,0,0,0,0,1,1
0,0.008250546157214175,-0.47610191295188087,0,0,1,0,0,1,0,1,0,0,0,0,0,1,0,0
0,-1.588239757472287,-0.13617379064057078,0,1,0,0,0,1,0,1,0,0,0,0,0,0,1,1
1,1.0494398746112368,-0.13037544313845886,1,0,0,0,0,1,0,0,0,0,1,0,0,1,0,0
0,0.008250546157214175,1.413434579298834,1,0,0,1,0,0,0,1,0,0,0,0,0,1,0,1
1,-0.1305746976366555,-0.3632757344732868,0,0,1,0,0,1,0,0,1,0,0,0,0,1,0,0
0,-0.5470504290182645,0.31319814077310143,1,0,0,1,0,0,0,1,0,0,0,0,0,0,1,1
0,0.4247262775388232,0.7287463784244542,1,0,0,0,0,1,0,1,0,0,0,0,0,0,1,1
0,-1.4494145136784173,-0.039051469980196485,0,0,1,0,0,1,0,1,0,0,0,0,1,0,0,0
0,-1.3105892698845478,-0.039051469980196485,0,0,1,0,0,1,0,1,0,0,0,0,1,0,0,0
1,0.14707578995108386,-0.1410057468923307,0,1,0,0,0,1,0,0,1,0,0,0,0,0,1,1
1,1.396502984095911,1.413434579298834,1,0,0,1,0,0,0,0,1,0,0,0,0,0,1,0
1,2.3682796906529986,-0.1410057468923307,1,0,0,0,0,1,0,0,1,0,0,0,0,1,0,0
0,-0.7552882947090691,-0.1410057468923307,0,1,0,0,0,1,0,0,0,1,0,0,0,0,1,1
1,-0.1305746976366555,-0.37559722291527464,0,1,0,1,0,0,0,0,1,0,0,0,0,1,0,1
1,0.2164884118480187,-0.24682558880587288,0,0,1,0,0,1,0,0,1,0,0,0,0,0,1,0
1,-1.5188271355753522,0.0667683719333457,0,1,0,0,0,1,1,0,0,0,0,0,0,0,1,1
1,-0.8941135385029387,1.4996038215277192,1,0,0,1,0,0,0,0,1,0,0,0,0,0,1,1
1,-0.19998731953359034,-0.1410057468923307,0,1,0,0,0,1,0,0,1,0,0,0,0,1,0,0
1,-0.1305746976366555,-0.492207789530247,0,0,1,0,1,0,0,0,1,0,0,0,0,1,0,0
1,-0.5470504290182645,-0.5038856613995004,0,0,1,1,0,0,0,0,1,0,0,0,0,1,0,1
0,-0.5470504290182645,-0.4932553576456286,0,0,1,0,0,1,0,1,0,0,0,0,0,1,0,1
1,2.229454446859129,-0.13037544313845886,1,0,0,0,0,1,0,0,1,0,0,0,0,1,0,0
0,1.2576777403020414,0.12185267320340878,1,0,0,1,0,0,0,0,0,0,0,1,0,0,1,1
1,-0.1305746976366555,3.754034187651338,1,0,0,1,0,0,0,0,1,0,0,0,0,1,0,0
0,0.6329641432296277,0.8959320647353475,1,0,0,0,0,1,0,0,0,1,0,0,0,0,1,1
0,0.4247262775388232,-0.3072250419528718,0,0,1,0,0,1,0,0,0,1,0,0,0,0,1,1
1,-0.1305746976366555,-0.49373855327080457,0,0,1,0,1,0,0,0,1,0,0,0,0,1,0,0
1,0.7023767651265626,-0.49092055638477816,0,0,1,0,0,1,0,0,1,0,0,0,0,1,0,0
1,-0.1305746976366555,-0.3826035594803265,0,1,0,0,0,1,0,0,1,0,0,0,0,1,0,0
1,-0.1305746976366555,-0.4879402057686927,0,0,1,0,0,1,0,0,1,0,0,0,0,1,0,0
0,-0.1305746976366555,-0.4879402057686927,0,0,1,0,0,1,0,1,0,0,0,0,0,1,0,0
1,-0.4082251852243949,-0.17676222315535411,0,0,1,0,0,1,0,0,1,0,0,0,0,0,1,0
1,-0.7552882947090691,-0.49092055638477816,0,0,1,0,0,1,0,0,1,0,0,0,0,1,0,0
0,-0.06116207573972066,-0.23619528505200105,0,0,1,0,0,1,0,0,0,1,0,0,1,0,0,0
1,-0.1305746976366555,-0.5038044845344709,0,0,1,1,0,0,0,0,1,0,0,0,0,1,0,0
1,0.14707578995108386,-0.49172459390507106,0,0,1,0,0,1,0,0,1,0,0,0,0,1,0,1
1,2.229454446859129,-0.4405870345014455,0,1,0,0,0,1,0,0,1,0,0,0,0,1,0,1
0,1.6047408497867155,0.3514517720270343,1,0,0,0,0,1,0,0,0,1,0,0,0,0,1,1
1,0.4247262775388232,-0.13351621470210284,1,0,0,0,0,1,0,0,1,0,0,0,0,1,0,1
0,-0.1305746976366555,-0.49373855327080457,0,0,1,0,1,0,0,1,0,0,0,0,0,1,0,1
1,-0.9635261603998736,-0.4879402057686927,0,0,1,0,0,1,0,0,1,0,0,0,0,1,0,0
1,-0.7552882947090691,-0.3632757344732868,0,0,1,0,0,1,0,0,1,0,0,0,0,1,0,0
0,0.2859010337449535,-0.3922674719838463,0,1,0,0,0,1,0,1,0,0,0,0,0,1,0,1
0,0.6329641432296277,0.43689622081815527,1,0,0,0,0,1,0,0,0,1,0,0,0,0,1,1
0,-0.1305746976366555,-0.3640817047760804,0,0,1,1,0,0,0,0,0,1,0,0,0,0,1,0
1,0.14707578995108386,-0.49035618389457264,0,0,1,0,0,1,0,0,1,0,0,0,0,1,0,1
0,-0.33881256332746,-0.06369444686417203,0,1,0,0,0,1,0,1,0,0,0,0,0,0,1,1
0,0.6329641432296277,1.4996038215277192,1,0,0,1,0,0,0,0,0,1,0,0,0,0,1,1
1,1.6741534716836504,-0.1410057468923307,0,1,0,0,0,1,0,0,1,0,0,0,0,1,0,0
1,0.4247262775388232,0.13199978133210458,1,0,0,1,0,0,0,0,1,0,0,0,0,1,0,0
1,-0.1305746976366555,-0.47513552170152895,0,0,1,1,0,0,0,0,1,0,0,0,0,1,0,0
0,-0.8247009166060039,0.8959320647353475,1,0,0,0,0,1,0,1,0,0,0,0,0,0,1,1
1,1.1882651184051065,-0.35361182196976704,0,1,0,0,0,1,0,0,1,0,0,0,0,1,0,0
1,2.090629203065259,0.8872345434821796,1,0,0,1,0,0,0,0,1,0,0,0,0,0,1,1
1,-0.5470504290182645,-0.4879402057686927,0,0,1,0,0,1,0,0,1,0,0,0,0,1,0,0
1,-0.1305746976366555,-0.4879402057686927,0,0,1,0,0,1,0,0,1,0,0,0,0,1,0,0
1,0.3553136556418884,-0.5058184439002044,0,0,1,0,0,1,0,0,1,0,0,0,0,1,0,0
0,1.5353282278897806,0.8691958844031094,1,0,0,1,0,0,0,0,0,1,0,0,0,0,1,1
1,1.1882651184051065,-0.5034024657743245,0,0,1,0,0,1,0,0,1,0,0,0,0,1,0,0
0,-0.1305746976366555,-0.49373855327080457,0,0,1,0,1,0,0,1,0,0,0,0,0,0,1,0
1,0.49413889943575806,-0.1410057468923307,0,1,0,0,0,1,0,0,1,0,0,0,0,0,1,0
1,0.4247262775388232,-0.17676222315535411,0,0,1,0,0,1,0,0,1,0,0,0,0,0,1,0
0,-0.1305746976366555,-0.005710971843053038,0,1,0,0,0,1,0,1,0,0,0,0,0,1,0,1
1,1.327090362198976,-0.6435291970753619,0,0,1,0,0,1,0,0,1,0,0,0,0,1,0,0
1,-0.1305746976366555,-0.5038856613995004,0,0,1,1,0,0,0,0,1,0,0,0,0,1,0,0
1,1.327090362198976,0.45678841831540057,1,0,0,1,0,0,0,0,0,0,0,1,0,0,1,1
0,-0.4082251852243949,-0.12167792188529103,0,1,0,0,0,1,0,0,0,1,0,0,0,0,1,1
1,-0.1305746976366555,-0.49092055638477816,0,0,1,0,0,1,0,0,1,0,0,0,0,1,0,0
1,-0.1305746976366555,0.1759705832231198,1,0,0,0,0,1,0,0,1,0,0,0,0,1,0,0
1,0.9800272527143019,-0.4879402057686927,0,0,1,0,0,1,0,0,1,0,0,0,0,1,0,0
1,0.3553136556418884,-0.13037544313845886,1,0,0,1,0,0,0,0,1,0,0,0,0,1,0,1
1,0.4247262775388232,-0.3429815182158952,0,0,1,0,0,1,0,0,1,0,0,0,0,0,1,0
1,0.008250546157214175,-0.49092055638477816,0,0,1,0,0,1,0,0,1,0,0,0,0,1,0,0
1,-0.19998731953359034,-0.0540305343606522,1,0,0,0,0,1,0,0,1,0,0,0,0,1,0,1
0,-0.5470504290182645,0.16010630445734167,0,1,0,1,0,0,0,0,0,1,0,0,0,0,1,1
0,0.7023767651265626,2.322567148067463,1,0,0,0,0,1,0,1,0,0,0,0,0,1,0,1
0,0.6329641432296277,-0.039051469980196485,0,0,1,0,0,1,0,0,0,1,0,0,1,0,0,0
1,-0.1305746976366555,-0.5072680307757323,0,0,1,0,0,1,0,0,1,0,0,0,0,1,0,0
0,-0.1305746976366555,-0.3439479094662472,0,0,1,0,1,0,0,1,0,0,0,0,0,0,1,1
1,-0.1305746976366555,-0.49373855327080457,0,0,1,0,1,0,0,0,1,0,0,0,0,1,0,0
1,0.3553136556418884,-0.4879402057686927,0,0,1,0,0,1,0,0,1,0,0,0,0,1,0,0
0,-0.4082251852243949,0.6127794283822162,0,1,0,0,0,1,0,1,0,0,0,0,0,0,1,1
1,0.2859010337449535,-0.3652085169739908,0,0,1,0,0,1,0,0,1,0,0,0,0,0,1,0
0,-0.2693999414305252,-0.33235121446202337,0,0,1,0,0,1,0,0,0,1,0,0,0,0,1,0
0,-1.7964776231630917,0.11025597819918495,0,1,0,0,0,1,0,1,0,0,0,0,0,0,1,1
1,-0.2693999414305252,-0.4405870345014455,0,1,0,0,0,1,0,0,1,0,0,0,0,1,0,0
1,-0.19998731953359034,-0.3641609488586093,0,0,1,1,0,0,0,0,1,0,0,0,0,0,1,0
1,0.8412020089204323,0.372229183909602,1,0,0,0,0,1,0,0,1,0,0,0,0,0,1,1
1,-0.6858756728121342,-0.33927637416204565,0,0,1,1,0,0,0,0,1,0,0,0,0,0,1,1
1,-0.6164630509151994,-0.49172459390507106,0,0,1,0,0,1,0,0,1,0,0,0,0,1,0,0
1,-0.6164630509151994,-0.33235121446202337,0,0,1,0,0,1,0,0,1,0,0,0,0,1,0,0
1,2.160041824962194,-0.01883843058783441,1,0,0,0,0,1,0,0,1,0,0,0,0,1,0,0
1,1.8823913373744547,-0.40483055823842207,0,1,0,0,1,0,0,0,0,0,1,0,0,1,0,0
0,-0.6164630509151994,0.8632351831709382,1,0,0,0,0,1,0,1,0,0,0,0,0,1,0,1
1,-0.2693999414305252,-0.49092055638477816,0,0,1,0,0,1,0,0,1,0,0,0,0,1,0,0
1,-0.1305746976366555,-0.49406132794842217,0,0,1,0,1,0,0,0,1,0,0,0,0,1,0,0
1,3.478881641003956,-0.06369444686417203,1,0,0,0,0,1,0,0,1,0,0,0,0,1,0,1
1,1.4659156059928458,-0.5071868539107027,0,0,1,0,0,1,0,0,1,0,0,0,0,1,0,0
1,0.14707578995108386,-0.0540305343606522,1,0,0,1,0,0,0,0,0,0,1,0,0,1,0,1
1,-0.1305746976366555,-0.6435291970753619,1,0,0,0,0,1,0,0,1,0,0,0,0,1,0,0
0,-1.4494145136784173,-0.10428287937895536,0,0,1,0,0,1,0,1,0,0,0,0,1,0,0,0
0,-0.1305746976366555,-0.3922674719838463,0,1,0,0,0,1,0,1,0,0,0,0,0,1,0,1
1,0.14707578995108386,-0.49035618389457264,0,0,1,0,0,1,0,0,1,0,0,0,0,1,0,0
1,0.07766316805414901,-0.13617379064057078,0,1,0,0,0,1,0,0,1,0,0,0,0,0,1,0
0,0.7717893870234974,0.12354385789152472,0,0,1,0,0,1,0,0,0,1,0,0,1,0,0,0
1,-0.1305746976366555,-0.33235121446202337,0,0,1,0,0,1,0,0,1,0,0,0,0,0,1,0
1,-0.6858756728121342,-0.49172459390507106,0,0,1,0,0,1,0,0,1,0,0,0,0,1,0,0
0,-0.4082251852243949,0.6958890759124867,1,0,0,1,0,0,0,1,0,0,0,0,0,1,0,1
0,-1.9353028669569614,-0.10428287937895536,0,0,1,0,0,1,0,1,0,0,0,0,1,0,0,0
1,-0.1305746976366555,0.4484117389573496,0,0,1,0,0,1,0,0,1,0,0,0,0,1,0,1
0,-2.02206864432813,-0.27130814474229004,0,0,1,1,0,0,0,1,0,0,0,0,0,0,1,1
1,1.2576777403020414,0.839479353454786,1,0,0,1,0,0,0,0,1,0,0,0,0,0,1,1
1,-0.7552882947090691,-0.49092055638477816,0,0,1,0,0,1,0,0,1,0,0,0,0,1,0,0
1,1.81297871547752,0.04260859067454612,1,0,0,1,0,0,0,0,0,0,1,0,0,1,0,1
1,-0.1305746976366555,-0.4976041182722125,0,0,1,0,0,1,0,0,1,0,0,0,0,1,0,0
0,-0.4776378071213297,-0.4976041182722125,0,0,1,0,0,1,0,1,0,0,0,0,0,1,0,1
1,-0.1305746976366555,-0.49092055638477816,0,0,1,0,0,1,0,0,1,0,0,0,0,1,0,0
0,-0.8247009166060039,-0.1989892219134497,0,1,0,0,0,1,0,1,0,0,0,0,0,0,1,1
1,-0.6164630509151994,-0.4805318504434944,0,0,1,0,0,1,0,0,1,0,0,0,0,1,0,0
0,-0.1305746976366555,-0.492207789530247,0,0,1,0,1,0,0,1,0,0,0,0,0,1,0,1
0,-0.8247009166060039,-0.5130663782778443,0,0,1,0,1,0,0,1,0,0,0,0,0,1,0,0
1,-0.4082251852243949,0.7770659409420534,0,1,0,0,0,1,0,0,1,0,0,0,0,0,1,0
1,-0.1305746976366555,-0.49092055638477816,0,0,1,0,0,1,0,0,1,0,0,0,0,1,0,0
0,0.14707578995108386,-0.3439479094662472,0,0,1,0,1,0,0,0,0,1,0,0,0,0,1,0
1,-0.4776378071213297,-0.3922674719838463,0,1,0,0,0,1,0,0,1,0,0,0,0,1,0,0
1,1.9518039592713896,1.5458301805970562,1,0,0,1,0,0,0,0,1,0,0,0,0,0,1,0
1,1.396502984095911,1.9396346151154895,1,0,0,0,0,1,0,0,0,0,1,0,0,0,1,1
1,0.7023767651265626,-0.5038856613995004,0,0,1,1,0,0,0,0,1,0,0,0,0,1,0,0
1,1.1882651184051065,-0.1489784747077346,1,0,0,0,0,1,0,0,1,0,0,0,0,1,0,0
1,0.4247262775388232,-0.4986516863875941,0,0,1,0,0,1,0,0,1,0,0,0,0,1,0,0
1,-0.6858756728121342,-0.49035618389457264,0,0,1,0,0,1,0,0,1,0,0,0,0,0,1,1
1,0.14707578995108386,0.7770659409420534,0,1,0,0,0,1,0,0,1,0,0,0,0,0,1,0
1,-0.33881256332746,-0.3922674719838463,0,1,0,0,0,1,0,0,1,0,0,0,0,1,0,0
1,-0.1305746976366555,-0.4932553576456286,0,0,1,0,0,1,0,0,1,0,0,0,0,1,0,0
1,0.910614630817367,-0.4879402057686927,0,0,1,0,0,1,0,0,1,0,0,0,0,1,0,0
0,-0.1305746976366555,0.3615177032907006,1,0,0,0,0,1,0,0,0,1,0,0,0,0,1,1
0,0.7023767651265626,0.11025597819918495,0,1,0,0,0,1,0,0,0,1,0,0,0,0,1,1
1,0.07766316805414901,0.3615177032907006,1,0,0,0,0,1,0,0,1,0,0,0,0,0,1,0
1,2.7847554220346074,-0.4405870345014455,0,1,0,0,0,1,0,0,1,0,0,0,0,1,0,0
1,0.07766316805414901,-0.3922674719838463,0,1,0,0,0,1,0,0,1,0,0,0,0,1,0,1
1,-0.1305746976366555,-0.6435291970753619,0,1,0,0,0,1,0,0,1,0,0,0,0,1,0,0
1,-0.8247009166060039,-0.4932553576456286,0,0,1,0,0,1,0,0,1,0,0,0,0,1,0,0
1,-0.37351887427592745,-0.4879402057686927,0,0,1,0,0,1,0,0,1,0,0,0,0,1,0,0
0,-0.8247009166060039,-0.4533105417035797,0,0,1,0,0,1,0,1,0,0,0,0,0,1,0,1
0,0.910614630817367,0.26294579575479826,0,0,1,0,0,1,0,0,0,1,0,0,1,0,0,0
1,0.4247262775388232,9.258679926521264,1,0,0,1,0,0,0,0,1,0,0,0,0,0,1,1
0,-0.1305746976366555,-0.4862490210805767,0,0,1,0,1,0,0,1,0,0,0,0,0,1,0,0
1,-0.19998731953359034,0.839479353454786,1,0,0,1,0,0,0,0,1,0,0,0,0,1,0,1
1,-0.6858756728121342,-0.465230011385421,0,0,1,0,0,1,0,0,1,0,0,0,0,1,0,0
1,-1.1023514041937432,0.26294579575479826,0,0,1,0,0,1,0,0,1,0,0,0,1,0,0,0
1,2.090629203065259,0.11025597819918495,0,1,0,0,0,1,0,0,1,0,0,0,0,0,1,0
1,-0.33881256332746,0.16010630445734167,0,1,0,1,0,0,0,0,1,0,0,0,0,0,1,0
1,-1.1023514041937432,0.12354385789152472,0,0,1,0,0,1,0,0,1,0,0,0,1,0,0,0
1,-0.7552882947090691,-0.44694975449376295,0,0,1,0,0,1,0,0,1,0,0,0,0,1,0,0
1,-0.8247009166060039,-0.49285333888548216,0,0,1,0,0,1,0,0,1,0,0,0,0,1,0,0
0,-1.0329387822968084,3.4411650203498834,1,0,0,0,0,1,0,1,0,0,0,0,0,0,1,1
1,0.07766316805414901,0.45815682832589893,1,0,0,0,0,1,0,0,1,0,0,0,0,0,1,1
0,-1.7964776231630917,-0.38421356730341294,0,0,1,1,0,0,0,1,0,0,0,0,0,0,1,1
1,-0.1305746976366555,0.4484117389573496,0,0,1,0,0,1,0,0,1,0,0,0,0,1,0,1
1,-0.33881256332746,-0.5038856613995004,0,0,1,1,0,0,0,0,1,0,0,0,0,1,0,0
1,2.090629203065259,-0.13037544313845886,1,0,0,0,0,1,0,0,0,0,1,0,0,1,0,0
1,1.5353282278897806,-0.3826035594803265,0,1,0,0,0,1,0,0,1,0,0,0,0,1,0,0
1,0.9800272527143019,-0.4879402057686927,0,0,1,0,0,1,0,0,1,0,0,0,0,1,0,0
0,-0.1305746976366555,-0.49406132794842217,0,0,1,0,1,0,0,1,0,0,0,0,0,1,0,1
1,1.327090362198976,1.4996038215277192,1,0,0,1,0,0,0,0,1,0,0,0,0,0,1,0
1,0.8412020089204323,-0.49567133577150857,0,0,1,0,0,1,0,0,1,0,0,0,0,1,0,0
0,-0.8247009166060039,3.754034187651338,1,0,0,1,0,0,0,0,0,1,0,0,0,0,1,1
1,0.3553136556418884,-0.13544899720280676,1,0,0,0,0,1,0,0,1,0,0,0,0,1,0,1
0,-0.8247009166060039,-0.3641609488586093,0,0,1,1,0,0,0,1,0,0,0,0,0,0,1,0
1,-0.33881256332746,-0.493898974218363,0,0,1,0,1,0,0,0,1,0,0,0,0,1,0,0
1,-0.2693999414305252,-0.49172459390507106,0,0,1,0,0,1,0,0,1,0,0,0,0,0,1,0
1,0.6329641432296277,-0.1410057468923307,0,1,0,0,0,1,0,0,1,0,0,0,0,1,0,0
0,1.0494398746112368,-0.3826035594803265,0,1,0,0,0,1,0,0,0,1,0,0,0,1,0,1
1,0.8412020089204323,-0.13544899720280676,1,0,0,0,0,1,0,0,1,0,0,0,0,1,0,1
0,-0.5470504290182645,2.2856026827414997,1,0,0,0,0,1,0,1,0,0,0,0,0,1,0,1
1,-0.1305746976366555,-0.3488610425830367,0,0,1,1,0,0,1,0,0,0,0,0,0,0,1,1
0,-0.4082251852243949,0.31327931763813094,1,0,0,1,0,0,0,1,0,0,0,0,0,1,0,1
1,-0.1305746976366555,-0.13037544313845886,1,0,0,0,0,1,0,0,1,0,0,0,0,1,0,0
1,1.2576777403020414,0.3615177032907006,1,0,0,0,0,1,0,0,1,0,0,0,0,0,1,1
1,-0.06116207573972066,-0.46023763418610275,0,0,1,0,0,1,0,0,1,0,0,0,0,1,0,0
1,1.5353282278897806,-0.3922674719838463,0,1,0,0,0,1,0,0,1,0,0,0,0,1,0,0
1,-0.7552882947090691,-0.49567133577150857,0,0,1,0,0,1,0,0,1,0,0,0,0,1,0,0
0,0.5635515213326929,3.754034187651338,1,0,0,1,0,0,0,1,0,0,0,0,0,1,0,1
0,-0.19998731953359034,-0.4405870345014455,0,1,0,0,0,1,0,1,0,0,0,0,0,1,0,1
1,-0.1305746976366555,-0.3439479094662472,0,0,1,0,1,0,0,0,1,0,0,0,0,1,0,0
1,0.2164884118480187,-0.4932553576456286,0,0,1,0,0,1,0,0,1,0,0,0,0,1,0,0
0,-1.657652379369222,-0.005710971843053038,0,1,0,0,0,1,0,1,0,0,0,0,0,0,1,1
1,-0.8941135385029387,-0.5071868539107027,0,0,1,0,0,1,0,0,1,0,0,0,0,0,1,0
1,0.2859010337449535,-0.3922674719838463,0,1,0,0,0,1,0,0,1,0,0,0,0,1,0,0
1,1.396502984095911,-0.3922674719838463,0,1,0,0,0,1,0,0,1,0,0,0,0,1,0,0
1,-0.19998731953359034,0.38277831079844427,1,0,0,0,0,1,0,0,1,0,0,0,0,0,1,1
1,-0.6858756728121342,-0.47610191295188087,0,0,1,0,0,1,0,0,1,0,0,0,0,1,0,0
0,0.008250546157214175,-0.237644871927529,0,1,0,0,0,1,0,0,0,1,0,0,0,0,1,1
0,-0.1305746976366555,-0.49398015108339255,0,0,1,0,1,0,0,1,0,0,0,0,0,1,0,1
1,-0.33881256332746,-0.1410057468923307,0,1,0,0,0,1,0,0,1,0,0,0,0,0,1,0
0,-0.33881256332746,-0.49035618389457264,0,0,1,0,0,1,0,1,0,0,0,0,0,0,1,0
0,-0.06116207573972066,3.4411650203498834,1,0,0,0,0,1,0,1,0,0,0,0,0,1,0,1
1,-1.3105892698845478,-0.28040768475560424,0,0,1,1,0,0,0,0,1,0,0,0,0,1,0,0
1,-0.1305746976366555,-0.6435291970753619,0,1,0,0,0,1,0,0,1,0,0,0,0,1,0,0
1,-0.4776378071213297,-0.3922674719838463,0,1,0,0,0,1,0,0,1,0,0,0,0,1,0,0
1,-0.4776378071213297,-0.3922674719838463,0,1,0,0,0,1,0,0,1,0,0,0,0,1,0,0
1,-0.09586838668818809,-0.33235121446202337,0,0,1,0,0,1,0,0,1,0,0,0,0,1,0,0
0,1.2576777403020414,0.0208647875416265,0,0,1,0,0,1,0,0,0,1,0,0,1,0,0,0
1,0.3553136556418884,9.258679926521264,1,0,0,1,0,0,0,0,1,0,0,0,0,1,0,1
1,-0.1305746976366555,-0.49092055638477816,0,0,1,0,0,1,0,0,1,0,0,0,0,1,0,0
1,-0.1305746976366555,-0.49092055638477816,0,0,1,0,0,1,0,0,1,0,0,0,0,1,0,0
1,-0.1305746976366555,-0.06369444686417203,1,0,0,0,0,1,0,0,1,0,0,0,0,1,0,1
1,0.4247262775388232,0.8804698047297155,1,0,0,0,0,1,0,0,1,0,0,0,0,0,1,0
0,-0.6164630509151994,4.42760888914667,1,0,0,1,0,0,0,1,0,0,0,0,1,0,0,1
1,-0.4082251852243949,-0.33235121446202337,0,0,1,0,0,1,0,0,1,0,0,0,0,0,1,0
1,0.07766316805414901,-0.49035618389457264,0,0,1,0,0,1,0,0,1,0,0,0,0,1,0,1
1,2.7847554220346074,0.7287463784244542,1,0,0,0,0,1,0,0,0,0,1,0,0,0,1,0
1,-0.9635261603998736,-0.2521407406828088,0,0,1,0,0,1,0,0,1,0,0,0,0,0,1,0
0,0.008250546157214175,-0.3922674719838463,0,1,0,0,0,1,0,1,0,0,0,0,0,1,0,1
1,-0.7552882947090691,0.38277831079844427,1,0,0,0,0,1,0,0,1,0,0,0,0,0,1,0
1,0.07766316805414901,-0.49373855327080457,0,0,1,0,1,0,0,0,1,0,0,0,0,1,0,0
0,-1.7964776231630917,-0.1989892219134497,0,1,0,0,0,1,0,1,0,0,0,0,0,0,1,1
1,-1.657652379369222,-0.40241458011254216,0,0,1,0,0,1,1,0,0,0,0,0,0,0,1,1
1,0.2164884118480187,-0.45991485950848515,0,0,1,0,0,1,0,0,1,0,0,0,0,1,0,0
1,-0.4776378071213297,-0.49092055638477816,0,0,1,0,0,1,0,0,1,0,0,0,0,1,0,0
0,1.2576777403020414,0.6127794283822162,0,1,0,0,0,1,0,0,0,1,0,0,0,0,1,1
1,-2.0276216540798844,-0.3632757344732868,0,1,0,0,0,1,1,0,0,0,0,0,0,0,1,1
1,-0.1305746976366555,-0.49285333888548216,0,0,1,0,0,1,0,0,1,0,0,0,0,1,0,0
1,-0.8247009166060039,-0.4212592094944058,0,1,0,0,0,1,0,0,1,0,0,0,0,1,0,0
1,0.2859010337449535,-0.4879402057686927,0,0,1,0,0,1,0,0,1,0,0,0,0,1,0,0
0,0.2164884118480187,1.028327666033569,1,0,0,0,0,1,0,0,0,0,0,1,0,1,0,1
1,-0.1305746976366555,-0.3632757344732868,0,0,1,0,0,1,0,0,1,0,0,0,0,1,0,0
1,0.7717893870234974,-0.5058184439002044,0,0,1,0,0,1,0,0,1,0,0,0,0,1,0,0
1,-0.6858756728121342,-0.5038044845344709,0,0,1,1,0,0,0,0,1,0,0,0,0,1,0,1
0,0.4247262775388232,1.675809803769398,1,0,0,0,0,1,0,0,0,1,0,0,0,0,1,1
1,-0.9635261603998736,-0.4932553576456286,0,0,1,0,0,1,0,0,1,0,0,0,0,1,0,0
0,1.4659156059928458,0.8632351831709382,1,0,0,0,0,1,0,0,0,1,0,0,0,0,1,1
1,-0.1305746976366555,0.12185267320340878,1,0,0,1,0,0,0,0,0,0,1,0,0,1,0,0
0,0.042956857105681596,-0.49373855327080457,0,0,1,0,1,0,0,1,0,0,0,0,0,1,0,0
1,-0.1305746976366555,-0.17676222315535411,0,0,1,0,1,0,0,0,1,0,0,0,0,0,1,0
1,0.14707578995108386,-0.48190026045399276,0,0,1,0,0,1,0,0,1,0,0,0,0,1,0,0
1,-0.4082251852243949,-0.45991485950848515,0,0,1,0,0,1,0,0,1,0,0,0,0,1,0,0
1,1.2576777403020414,-0.49172459390507106,0,0,1,0,0,1,0,0,1,0,0,0,0,1,0,0
0,1.8823913373744547,-0.4405870345014455,0,1,0,0,0,1,0,0,0,1,0,0,0,1,0,0
1,-0.1305746976366555,-0.5038856613995004,0,0,1,1,0,0,0,0,1,0,0,0,0,1,0,0
0,1.6741534716836504,-0.1989892219134497,0,1,0,0,0,1,0,0,0,1,0,0,1,0,0,1
1,-0.8247009166060039,-0.49373855327080457,0,0,1,0,0,1,0,0,1,0,0,0,0,1,0,0
1,-0.1305746976366555,-0.49373855327080457,0,0,1,0,1,0,0,0,1,0,0,0,0,1,0,0
0,-1.7270650012661568,-0.40241458011254216,0,0,1,0,0,1,0,1,0,0,0,0,0,1,0,1
1,-0.1305746976366555,-0.49398015108339255,0,0,1,0,1,0,0,0,1,0,0,0,0,1,0,0
0,0.910614630817367,3.4411650203498834,1,0,0,0,0,1,0,0,0,1,0,0,0,0,1,1
0,-1.171764026090678,-0.5038044845344709,0,0,1,1,0,0,0,1,0,0,0,0,0,1,0,1
0,-0.8941135385029387,0.45815682832589893,1,0,0,0,0,1,0,0,0,1,0,0,0,0,1,1
1,-0.06116207573972066,-0.06369444686417203,1,0,0,0,0,1,0,0,1,0,0,0,0,1,0,0
1,-0.1305746976366555,-0.19029170066028187,0,0,1,0,0,1,0,0,1,0,0,0,0,0,1,0
1,-0.33881256332746,-0.5072680307757323,0,0,1,0,0,1,0,0,1,0,0,0,0,1,0,0
1,-0.33881256332746,-0.5034024657743245,0,0,1,0,0,1,0,0,1,0,0,0,0,1,0,0
0,-0.8247009166060039,-0.4986516863875941,0,0,1,0,0,1,0,1,0,0,0,0,0,1,0,1
1,-1.5188271355753522,-0.08060629374533174,0,0,1,0,1,0,1,0,0,0,0,0,1,0,0,0
1,-2.004715488853896,-0.24585919755552088,0,0,1,0,0,1,1,0,0,0,0,0,0,0,1,1
1,1.1188524965081716,0.8872345434821796,1,0,0,1,0,0,0,0,1,0,0,0,0,1,0,0
1,-0.1305746976366555,-0.49373855327080457,0,0,1,0,1,0,0,0,1,0,0,0,0,1,0,0
1,-0.9635261603998736,-0.1410057468923307,0,1,0,0,0,1,0,0,1,0,0,0,0,1,0,0
0,-0.1305746976366555,0.7007210321642466,0,0,1,0,0,1,0,1,0,0,0,0,1,0,0,0
1,-0.1305746976366555,-0.05024614622427386,1,0,0,1,0,0,0,0,1,0,0,0,0,1,0,0
1,-0.33881256332746,-0.49092055638477816,0,0,1,0,0,1,0,0,1,0,0,0,0,1,0,0
1,0.6329641432296277,-0.3922674719838463,0,1,0,0,0,1,0,0,1,0,0,0,0,1,0,0
0,1.327090362198976,-0.14237415690282906,1,0,0,0,0,1,0,0,0,0,1,0,0,1,0,1
0,0.07766316805414901,-0.4756998941917345,0,0,1,0,0,1,0,0,0,1,0,0,0,1,0,1
1,0.008250546157214175,-0.5038044845344709,0,0,1,1,0,0,0,0,1,0,0,0,0,1,0,0
0,0.008250546157214175,-0.17676222315535411,0,0,1,0,0,1,0,0,0,1,0,0,0,0,1,0
1,0.2859010337449535,-0.3922674719838463,0,1,0,0,0,1,0,0,1,0,0,0,0,1,0,0
0,0.07766316805414901,-0.13617379064057078,0,1,0,0,0,1,0,0,0,1,0,0,0,0,1,1
1,-1.3105892698845478,1.675809803769398,1,0,0,0,0,1,1,0,0,0,0,0,0,0,1,1
1,-2.0449748095541183,-0.4789199098379073,0,0,1,1,0,0,1,0,0,0,0,0,0,0,1,1
1,-0.19998731953359034,-0.5087176176512603,0,0,1,0,0,1,0,0,1,0,0,0,0,1,0,1
1,0.07766316805414901,-0.4932553576456286,0,0,1,0,0,1,0,0,1,0,0,0,0,1,0,0
1,0.6329641432296277,-0.6435291970753619,1,0,0,0,0,1,0,0,1,0,0,0,0,1,0,0
0,-0.8247009166060039,-0.4932553576456286,0,0,1,0,0,1,0,1,0,0,0,0,0,1,0,0
1,0.6329641432296277,-0.3922674719838463,0,1,0,0,0,1,0,0,1,0,0,0,0,1,0,0
0,0.2164884118480187,0.38277831079844427,1,0,0,0,0,1,0,0,0,1,0,0,0,0,1,1
1,-0.2693999414305252,-0.49108097733233663,0,0,1,0,0,1,0,0,1,0,0,0,0,1,0,0
1,0.6329641432296277,-0.17676222315535411,0,0,1,0,0,1,0,0,1,0,0,0,0,1,0,0
1,0.3553136556418884,-0.4405870345014455,0,1,0,0,0,1,0,0,1,0,0,0,0,1,0,0
0,-1.657652379369222,-0.039051469980196485,0,0,1,0,0,1,0,1,0,0,0,0,1,0,0,0
1,0.042956857105681596,-0.4879402057686927,0,0,1,0,0,1,0,0,1,0,0,0,0,1,0,0
1,-0.1305746976366555,-0.6435291970753619,1,0,0,0,0,1,0,0,1,0,0,0,0,1,0,0
0,-0.4776378071213297,-0.49035618389457264,0,0,1,0,0,1,0,1,0,0,0,0,0,1,0,0
1,0.07766316805414901,0.07168150505013514,0,1,0,1,0,0,0,0,1,0,0,0,0,0,1,0
1,0.910614630817367,-0.5188647257799561,0,0,1,0,0,1,0,0,1,0,0,0,0,1,0,0
1,-1.3800018917814827,-0.10428287937895536,0,0,1,0,0,1,1,0,0,0,0,0,1,0,0,0
0,1.5353282278897806,1.1636224410828466,1,0,0,0,0,1,0,0,0,1,0,0,0,0,1,1
1,-0.19998731953359034,-0.47610191295188087,0,0,1,0,0,1,0,0,1,0,0,0,0,1,0,1
1,0.5635515213326929,-0.6435291970753619,1,0,0,0,0,1,1,0,0,0,0,0,0,1,0,0
0,-0.19998731953359034,-0.40241458011254216,0,0,1,0,0,1,0,0,0,1,0,0,0,0,1,1
1,-1.9353028669569614,0.12354385789152472,0,0,1,0,0,1,1,0,0,0,0,0,1,0,0,0
1,-0.1305746976366555,-0.5092008132764363,0,0,1,0,1,0,0,0,1,0,0,0,0,1,0,0
1,-0.1305746976366555,0.4484117389573496,0,0,1,0,0,1,0,0,1,0,0,0,0,1,0,0
1,-2.004715488853896,0.07168150505013514,0,1,0,1,0,0,1,0,0,0,0,0,0,0,1,1
1,-0.1305746976366555,-0.49373855327080457,0,0,1,0,1,0,0,0,1,0,0,0,0,1,0,1
0,2.229454446859129,0.9026968034878112,1,0,0,0,0,0,0,0,0,1,0,0,0,1,0,1
0,-1.0329387822968084,-0.3641609488586093,0,0,1,1,0,0,0,0,0,1,0,0,0,0,1,1
1,-2.016515634576375,-0.2811324781933683,0,1,0,0,0,1,1,0,0,0,0,0,0,0,1,1
1,-0.1305746976366555,-0.5038044845344709,0,0,1,1,0,0,0,0,1,0,0,0,0,1,0,0
1,-0.4776378071213297,-0.49172459390507106,0,0,1,0,0,1,0,0,1,0,0,0,0,1,0,0
1,-0.8247009166060039,-0.48310824951693276,0,0,1,0,0,1,0,0,1,0,0,0,0,1,0,0
0,0.6329641432296277,0.9637398732075445,1,0,0,1,0,0,0,1,0,0,0,0,0,0,1,1
1,-0.6164630509151994,-0.47610191295188087,0,0,1,0,0,1,0,0,1,0,0,0,0,1,0,0
1,-0.1305746976366555,-0.4879402057686927,0,0,1,0,0,1,0,0,1,0,0,0,0,1,0,0
1,0.14707578995108386,0.4484117389573496,0,0,1,0,0,1,0,0,1,0,0,0,0,1,0,1
1,-0.1305746976366555,-0.06949279436628394,1,0,0,1,0,0,0,0,1,0,0,0,0,1,0,1
1,-0.6858756728121342,-0.49035618389457264,0,0,1,0,0,1,0,0,1,0,0,0,0,1,0,0
1,-0.9635261603998736,-0.4405870345014455,0,1,0,0,0,1,0,0,1,0,0,0,0,1,0,0
0,0.008250546157214175,-0.04436662185713237,1,0,0,1,0,0,0,1,0,0,0,0,0,1,0,1
1,0.32060734469342095,-0.5191063235925442,0,0,1,1,0,0,0,0,1,0,0,0,0,1,0,0
1,-0.8941135385029387,-0.47610191295188087,0,0,1,0,0,1,0,0,1,0,0,0,0,1,0,0
1,0.8412020089204323,-0.4976041182722125,0,0,1,0,0,1,0,0,1,0,0,0,0,1,0,0
1,-0.1305746976366555,0.7007210321642466,0,0,1,0,0,1,0,0,1,0,0,0,1,0,0,0
1,0.3553136556418884,-0.49092055638477816,0,0,1,1,0,0,0,0,1,0,0,0,0,1,0,0
1,-0.1305746976366555,-0.005710971843053038,0,1,0,0,0,1,0,0,0,0,1,0,0,0,1,0
0,-0.1305746976366555,1.078661187916902,1,0,0,1,0,0,0,0,0,1,0,0,0,0,1,1
1,-1.7964776231630917,-0.039051469980196485,0,0,1,0,0,1,1,0,0,0,0,0,1,0,0,0
1,3.062405909622347,-0.4932553576456286,0,0,1,0,0,1,0,0,1,0,0,0,0,1,0,0
0,-1.4494145136784173,-0.3488610425830367,0,0,1,1,0,0,0,1,0,0,0,0,0,0,1,0
0,-0.9635261603998736,0.11798710820200078,1,0,0,0,0,1,0,1,0,0,0,0,0,0,1,1
0,0.9800272527143019,-0.1410057468923307,0,1,0,0,0,1,0,0,0,1,0,0,0,0,1,0
0,-0.8247009166060039,-0.46281403325954107,0,0,1,0,0,1,0,0,0,1,0,0,0,0,1,1
0,1.0494398746112368,2.5429855300127446,1,0,0,0,0,1,0,0,0,1,0,0,0,0,1,1
1,1.4659156059928458,-0.13037544313845886,1,0,0,0,0,1,0,0,1,0,0,0,0,1,0,1
0,-0.4082251852243949,-0.27130814474229004,0,0,1,1,0,0,0,0,0,1,0,0,0,0,1,1
1,-0.1305746976366555,-0.5038044845344709,0,0,1,1,0,0,0,0,1,0,0,0,0,1,0,0
1,0.7717893870234974,-0.3708464435285443,0,0,1,0,0,1,0,0,1,0,0,0,0,0,1,0
1,-0.6164630509151994,-0.4212592094944058,0,1,0,0,0,1,0,0,1,0,0,0,0,0,1,0
0,1.2576777403020414,-0.14237415690282906,1,0,0,0,0,1,0,0,0,1,0,0,0,1,0,1
0,-0.1305746976366555,0.7007210321642466,0,0,1,0,0,1,0,1,0,0,0,0,1,0,0,0
1,-0.4082251852243949,-0.3922674719838463,0,1,0,0,0,1,0,0,1,0,0,0,0,1,0,0
0,0.8412020089204323,-0.3922674719838463,0,1,0,0,0,1,0,0,0,1,0,0,0,1,0,1
0,-0.19998731953359034,-0.3756783997803042,0,1,0,1,0,0,0,1,0,0,0,0,0,0,1,1
1,0.07766316805414901,0.3324447889151116,1,0,0,0,0,1,0,0,1,0,0,0,0,1,0,0
1,-0.1305746976366555,-0.45991485950848515,0,0,1,0,0,1,0,0,1,0,0,0,0,1,0,0
1,-1.7964776231630917,-0.42834672292448733,0,0,1,0,0,1,1,0,0,0,0,0,0,0,1,1
1,-0.2693999414305252,-0.49092055638477816,0,0,1,0,0,1,0,0,1,0,0,0,0,1,0,0
0,1.1882651184051065,0.372229183909602,1,0,0,0,0,1,0,0,0,1,0,0,0,0,1,1
1,0.2164884118480187,-0.5468900720401637,1,0,0,0,0,1,0,0,1,0,0,0,0,1,0,0
1,1.1882651184051065,-0.469578772012005,0,0,1,0,0,1,0,0,1,0,0,0,0,1,0,0
0,-0.1305746976366555,-0.17966139690641003,0,1,0,1,0,0,0,0,0,1,0,0,0,0,1,1
0,-1.0329387822968084,-0.5038856613995004,0,0,1,1,0,0,0,1,0,0,0,0,0,1,0,1
1,-0.6858756728121342,-0.45323129762105085,0,0,1,0,0,1,0,0,1,0,0,0,0,1,0,0
1,-0.7552882947090691,-0.49092055638477816,0,0,1,0,0,1,0,0,1,0,0,0,0,1,0,0
1,-0.1305746976366555,-0.49092055638477816,0,0,1,0,0,1,0,0,1,0,0,0,0,1,0,0
0,1.81297871547752,0.9637398732075445,1,0,0,1,0,0,0,0,0,1,0,0,0,0,1,1
0,-0.33881256332746,-0.1410057468923307,0,1,0,0,0,1,0,0,0,1,0,0,0,0,1,1
1,0.2164884118480187,-0.49092055638477816,0,0,1,0,0,1,0,0,1,0,0,0,0,1,0,0
0,-0.5470504290182645,-0.44026425982382794,0,0,1,0,0,1,0,1,0,0,0,0,0,1,0,0
1,-0.1305746976366555,-0.4405870345014455,0,1,0,0,0,1,0,0,1,0,0,0,0,1,0,0
1,-0.33881256332746,-0.5072680307757323,0,0,1,0,0,1,0,0,1,0,0,0,0,1,0,0
0,0.6329641432296277,-0.08060629374533174,0,0,1,0,1,0,0,0,0,1,0,0,1,0,0,0
1,-0.19998731953359034,-0.3922674719838463,0,1,0,0,0,1,0,0,0,0,1,0,0,1,0,0
0,-0.7552882947090691,-0.06369444686417203,1,0,0,0,0,1,0,1,0,0,0,0,0,1,0,1
0,-0.1305746976366555,-0.19029170066028187,0,0,1,0,0,1,0,1,0,0,0,0,0,0,1,0
1,-0.2693999414305252,-0.06369444686417203,1,0,0,1,0,0,0,0,1,0,0,0,0,1,0,1
1,0.14707578995108386,-0.49373855327080457,0,0,1,0,1,0,0,0,1,0,0,0,0,1,0,0
