Sex,Age,Fare,Pclass1,Pclass2,Pclass3,Embarked1,Embarked2,Embarked3,Master,Miss,Mr,Mrs,Officer,Royalty,Large_Family,Single,Small_Family,Survived
1,-0.5816283106401147,-0.5035948611437696,0,0,1,0,0,1,0,0,1,0,0,0,0,0,1,0
0,0.6586519408900796,0.734502563508859,1,0,0,1,0,0,0,0,0,1,0,0,0,0,1,1
0,-0.2715582477575661,-0.4905435931060373,0,0,1,0,0,1,0,1,0,0,0,0,0,1,0,1
0,0.4260993937281682,0.38292460482664,1,0,0,0,0,1,0,0,0,1,0,0,0,0,1,1
1,0.4260993937281682,-0.48812669161756833,0,0,1,0,0,1,0,0,1,0,0,0,0,1,0,0
1,-0.11652321631629182,-0.48023212459563336,0,0,1,0,1,0,0,0,1,0,0,0,0,1,0,0
1,1.898932192420274,0.35899728009079734,1,0,0,0,0,1,0,0,1,0,0,0,0,1,0,0
1,-2.1319786250528576,-0.23628555651910413,0,0,1,0,0,1,1,0,0,0,0,0,1,0,0,0
0,-0.19404073203692898,-0.428510432742398,0,0,1,0,0,1,0,0,0,1,0,0,0,0,1,1
0,-1.201768436405212,-0.06234985723935256,0,1,0,1,0,0,0,0,0,1,0,0,0,0,1,1
0,-1.9769435936115833,-0.32087710861551727,0,0,1,0,0,1,0,1,0,0,0,0,0,0,1,1
0,2.2090022553028223,-0.13042527132416426,1,0,0,0,0,1,0,1,0,0,0,0,0,1,0,1
1,-0.736663342081389,-0.48812669161756833,0,0,1,0,0,1,0,0,1,0,0,0,0,1,0,0
1,0.7361694566107168,-0.03906639506003812,0,0,1,0,0,1,0,0,1,0,0,0,1,0,0,0
0,-1.201768436405212,-0.49191252610910613,0,0,1,0,0,1,0,1,0,0,0,0,0,1,0,0
0,1.9764497081409111,-0.33441175695094333,0,1,0,0,0,1,0,0,0,1,0,0,0,1,0,1
1,-2.1319786250528576,-0.08063710066170397,0,0,1,0,1,0,1,0,0,0,0,0,1,0,0,0
1,-0.11652321631629182,-0.39241739267419806,0,1,0,0,0,1,0,0,1,0,0,0,0,1,0,1
0,0.1160293308456196,-0.2957413331354402,0,0,1,0,0,1,0,0,0,1,0,0,0,0,1,0
0,-0.11652321631629182,-0.5040782414414634,0,0,1,1,0,0,0,0,0,1,0,0,0,1,0,1
1,0.4260993937281682,-0.14105963787342762,0,1,0,0,0,1,0,0,1,0,0,0,0,1,0,0
1,0.34858187800753104,-0.39241739267419806,0,1,0,0,0,1,0,0,1,0,0,0,0,1,0,1
0,-1.1242509206845748,-0.4885288640252496,0,0,1,0,1,0,0,1,0,0,0,0,0,1,0,1
1,-0.11652321631629182,0.0426248752502123,1,0,0,0,0,1,0,0,1,0,0,0,0,1,0,1
0,-1.6668735307290348,-0.23628555651910413,0,0,1,0,0,1,0,1,0,0,0,0,1,0,0,0
0,0.6586519408900796,-0.03689118372041605,0,0,1,0,0,1,0,0,0,1,0,0,1,0,0,1
1,-0.11652321631629182,-0.5040782414414634,0,0,1,1,0,0,0,0,1,0,0,0,0,1,0,0
1,-0.8141808578020261,4.441385584263695,1,0,0,0,0,1,0,0,1,0,0,0,1,0,0,0
0,-0.11652321631629182,-0.4914291458114123,0,0,1,0,1,0,0,1,0,0,0,0,0,1,0,1
1,-0.11652321631629182,-0.4911081812937436,0,0,1,0,0,1,0,0,1,0,0,0,0,1,0,0
1,0.8136869723313539,-0.10778760522256871,1,0,0,1,0,0,0,0,0,0,0,1,0,1,0,0
0,-0.11652321631629182,2.1892355694183183,1,0,0,1,0,0,0,0,0,1,0,0,0,0,1,1
0,-0.11652321631629182,-0.49392725518989383,0,0,1,0,1,0,0,1,0,0,0,0,0,1,0,1
1,2.8291423810679195,-0.440755422443577,0,1,0,0,0,1,0,0,1,0,0,0,0,1,0,0
1,-0.11652321631629182,0.9450146831545043,1,0,0,1,0,0,0,0,1,0,0,0,0,0,1,0
1,0.9687220037726282,0.36165587172811325,1,0,0,0,0,1,0,0,1,0,0,0,0,0,1,0
1,-0.11652321631629182,-0.5039970335514509,0,0,1,1,0,0,0,0,1,0,0,0,0,1,0,1
1,-0.6591458263607518,-0.48812669161756833,0,0,1,0,0,1,0,0,1,0,0,0,0,1,0,0
0,-0.8916983735226632,-0.2957413331354402,0,0,1,0,0,1,0,1,0,0,0,0,0,0,1,0
0,-1.201768436405212,-0.4264144957715976,0,0,1,1,0,0,0,1,0,0,0,0,0,0,1,1
0,0.8136869723313539,-0.4605740146490223,0,0,1,0,0,1,0,0,0,1,0,0,0,0,1,0
0,-0.19404073203692898,-0.23773569741218548,0,1,0,0,0,1,0,0,0,1,0,0,0,0,1,0
1,-0.11652321631629182,-0.4911081812937436,0,0,1,1,0,0,0,0,1,0,0,0,0,1,0,0
0,-2.0544611093322205,0.16016749547981565,0,1,0,1,0,0,0,1,0,0,0,0,0,0,1,1
0,-0.8141808578020261,-0.4914291458114123,0,0,1,0,1,0,0,1,0,0,0,0,0,1,0,1
1,-0.11652321631629182,-0.48812669161756833,0,0,1,0,0,1,0,0,1,0,0,0,0,1,0,0
1,-0.11652321631629182,-0.3440793629048191,0,0,1,0,1,0,0,0,1,0,0,0,0,0,1,0
0,-0.11652321631629182,-0.49392725518989383,0,0,1,0,1,0,0,1,0,0,0,0,0,1,0,1
1,-0.11652321631629182,-0.2246032214844406,0,0,1,1,0,0,0,0,1,0,0,0,0,0,1,0
0,-0.8916983735226632,-0.2996083755169905,0,0,1,0,0,1,0,0,0,1,0,0,0,0,1,0
1,-1.744391046449672,0.123591075113922,0,0,1,0,0,1,1,0,0,0,0,0,1,0,0,0
1,-0.6591458263607518,-0.4929604945945062,0,0,1,0,0,1,0,0,1,0,0,0,0,1,0,0
0,1.5113446138170883,0.8398001940372836,1,0,0,1,0,0,0,0,0,1,0,0,0,0,1,1
0,-0.03900570059565468,-0.14105963787342762,0,1,0,0,0,1,0,0,0,1,0,0,0,0,1,1
1,2.7516248653472823,0.5546058183979476,1,0,0,1,0,0,0,0,1,0,0,0,0,0,1,0
1,-0.11652321631629182,0.0426248752502123,1,0,0,0,0,1,0,0,1,0,0,0,0,1,0,1
0,-0.6591458263607518,-0.440755422443577,0,1,0,0,0,1,0,1,0,0,0,0,0,1,0,1
1,-0.07776445845597325,-0.5039970335514509,0,0,1,1,0,0,0,0,1,0,0,0,0,1,0,0
0,-1.8994260778909462,-0.10722301703486238,0,1,0,0,0,1,0,1,0,0,0,0,0,0,1,1
1,-1.4343209835671233,0.2630462909985802,0,0,1,0,0,1,1,0,0,0,0,0,1,0,0,0
1,-0.5816283106401147,-0.5039970335514509,0,0,1,1,0,0,0,0,1,0,0,0,0,1,0,0
0,0.6586519408900796,0.9030418051451572,1,0,0,0,0,0,0,1,0,0,0,0,0,1,0,1
1,1.2012745509345397,0.9702316665245938,1,0,0,0,0,1,0,0,1,0,0,0,0,0,1,0
1,-1.9769435936115833,-0.10432273524869967,0,0,1,0,0,1,1,0,0,0,0,0,1,0,0,0
1,-0.11652321631629182,-0.10778760522256871,1,0,0,1,0,0,0,0,1,0,0,0,0,1,0,0
1,-0.11652321631629182,-0.3489943737717696,0,0,1,1,0,0,1,0,0,0,0,0,0,0,1,1
0,-0.03900570059565468,-0.440755422443577,0,1,0,0,0,1,0,0,0,1,0,0,0,1,0,1
1,-0.8141808578020261,-0.48603268816795886,0,0,1,0,0,1,0,0,1,0,0,0,0,1,0,0
0,-0.9692158892433004,-0.4905435931060373,0,0,1,0,0,1,0,1,0,0,0,0,1,0,0,1
1,-0.2715582477575661,-0.4762838743240705,0,0,1,0,0,1,0,0,1,0,0,0,0,0,1,0
1,0.19354684656625676,-0.440755422443577,0,1,0,0,0,1,0,0,1,0,0,0,0,1,0,0
0,-1.0467334049639376,0.2630462909985802,0,0,1,0,0,1,0,1,0,0,0,0,1,0,0,0
1,-0.6591458263607518,0.777362927744772,0,1,0,0,0,1,0,0,1,0,0,0,0,1,0,0
1,-0.2715582477575661,-0.3643001275179457,0,0,1,1,0,0,0,0,1,0,0,0,0,0,1,0
1,0.19354684656625676,0.4485831174229828,0,0,1,0,0,1,0,0,1,0,0,0,0,1,0,1
1,-0.34907576347820324,-0.495860776380669,0,0,1,0,0,1,0,0,1,0,0,0,0,1,0,0
1,-0.11652321631629182,-0.4911081812937436,0,0,1,0,0,1,0,0,1,0,0,0,0,1,0,0
1,-0.11652321631629182,-0.48812669161756833,0,0,1,0,0,1,0,0,1,0,0,0,0,1,0,0
1,-2.2226741184460033,-0.08305400215017292,0,1,0,0,0,1,1,0,0,0,0,0,0,0,1,1
0,0.03851181512498246,-0.40256837892576763,0,0,1,0,0,1,0,1,0,0,0,0,0,1,0,1
1,-0.5816283106401147,-0.46975824030520436,0,0,1,0,0,1,0,0,1,0,0,0,0,1,0,0
1,-0.03900570059565468,-0.4600906343513286,0,0,1,0,0,1,0,0,1,0,0,0,0,1,0,1
0,-0.11652321631629182,-0.4932021847433531,0,0,1,0,1,0,0,1,0,0,0,0,0,1,0,1
1,-0.11652321631629182,0.26691333338013057,1,0,0,0,0,1,0,0,1,0,0,0,0,1,0,0
0,-0.9692158892433004,-0.440755422443577,0,1,0,0,0,1,0,1,0,0,0,0,0,1,0,1
0,0.2710643622868939,-0.3373120387371061,0,0,1,0,0,1,0,0,0,1,0,0,0,0,1,1
1,-1.0467334049639376,0.020872761853991784,0,0,1,0,0,1,0,0,1,0,0,0,1,0,0,0
1,-0.11652321631629182,-0.48812669161756833,0,0,1,0,0,1,0,0,1,0,0,0,0,1,0,0
0,-0.5041107949194775,4.441385584263695,1,0,0,0,0,1,0,1,0,0,0,0,1,0,0,1
1,-0.4265932791988404,-0.48812669161756833,0,0,1,0,0,1,0,0,1,0,0,0,0,1,0,0
1,-0.03900570059565468,-0.48812669161756833,0,0,1,0,0,1,0,0,1,0,0,0,0,1,0,0
1,-0.736663342081389,-0.49191252610910613,0,0,1,0,0,1,0,0,1,0,0,0,0,1,0,0
1,1.2787920666551769,0.5390564409817339,1,0,0,0,0,1,0,0,1,0,0,0,0,0,1,0
1,-0.2715582477575661,-0.2459531624729799,0,0,1,0,0,1,0,0,1,0,0,0,0,0,1,0
1,2.2865197710234595,-0.5035948611437696,0,0,1,0,0,1,0,0,1,0,0,0,0,1,0,0
1,-0.11652321631629182,-0.48812669161756833,0,0,1,0,0,1,0,0,1,0,0,0,0,1,0,0
1,3.216729959671105,0.02627115301863608,1,0,0,1,0,0,0,0,1,0,0,0,0,1,0,0
1,-0.5041107949194775,0.5812710091399279,1,0,0,1,0,0,0,0,1,0,0,0,0,0,1,1
0,0.34858187800753104,-0.19906527359668233,0,1,0,0,0,1,0,0,0,1,0,0,0,0,1,1
1,0.34858187800753104,-0.14105963787342762,0,1,0,0,0,1,0,0,1,0,0,0,0,0,1,0
0,-0.11652321631629182,-0.4911081812937436,0,0,1,0,0,1,0,1,0,0,0,0,0,1,0,0
1,-0.11652321631629182,-0.4911081812937436,0,0,1,0,0,1,0,0,1,0,0,0,0,1,0,0
1,-0.6591458263607518,0.850595042845381,1,0,0,0,0,1,0,0,1,0,0,0,0,0,1,0
1,0.2710643622868939,-0.47644435658290485,0,0,1,0,0,1,0,0,1,0,0,0,0,1,0,0
1,0.5811344251694425,-0.4905435931060373,0,0,1,0,0,1,0,0,1,0,0,0,0,0,1,0
1,-0.11652321631629182,-0.4911081812937436,0,0,1,0,0,1,0,0,1,0,0,0,0,1,0,0
0,-0.6591458263607518,-0.495860776380669,0,0,1,0,0,1,0,1,0,0,0,0,0,1,0,1
1,-0.11652321631629182,-0.49344387489220004,0,0,1,0,0,1,0,0,1,0,0,0,0,1,0,1
1,0.6586519408900796,-0.4911081812937436,0,0,1,0,0,1,0,0,1,0,0,0,0,1,0,0
0,-0.11652321631629182,-0.17682977990276808,0,0,1,0,1,0,0,1,0,0,0,0,0,0,1,1
1,1.356309582375814,0.36165587172811325,1,0,0,0,0,1,0,0,1,0,0,0,0,1,0,0
0,-1.1630096785448933,-0.3643001275179457,0,0,1,1,0,0,0,1,0,0,0,0,0,0,1,0
1,-0.5816283106401147,-0.48812669161756833,0,0,1,0,0,1,0,0,1,0,0,0,0,1,0,0
0,-0.736663342081389,-0.45380669048130934,0,0,1,0,0,1,0,1,0,0,0,0,0,0,1,0
0,-0.9692158892433004,-0.3642208531491239,0,0,1,1,0,0,0,1,0,0,0,0,0,1,0,0
1,-0.6591458263607518,-0.4905435931060373,0,0,1,0,0,1,0,0,1,0,0,0,0,1,0,0
1,3.1779712018107866,-0.49392725518989383,0,0,1,0,1,0,0,0,1,0,0,0,0,1,0,0
1,-0.03900570059565468,-0.23773569741218548,0,1,0,0,0,1,0,0,1,0,0,0,0,0,1,0
1,-0.4265932791988404,4.142091972101227,1,0,0,1,0,0,0,0,1,0,0,0,0,0,1,0
0,-2.1319786250528576,-0.03906639506003812,0,0,1,0,0,1,0,1,0,0,0,0,1,0,0,0
1,-0.6591458263607518,0.777362927744772,0,1,0,0,0,1,0,0,1,0,0,0,0,0,1,0
1,-0.11652321631629182,-0.48812669161756833,0,0,1,0,0,1,0,0,1,0,0,0,0,1,0,0
1,0.23230560442657533,-0.06234985723935256,0,1,0,1,0,0,0,0,1,0,0,0,0,0,1,0
0,0.23230560442657533,-0.39241739267419806,0,1,0,0,0,1,0,1,0,0,0,0,0,1,0,1
1,1.898932192420274,0.850595042845381,1,0,0,0,0,1,0,0,1,0,0,0,0,0,1,0
1,-1.3568034678464862,-0.4264144957715976,0,0,1,1,0,0,1,0,0,0,0,0,0,0,1,1
1,-0.11652321631629182,-0.49392725518989383,0,0,1,0,1,0,0,0,1,0,0,0,0,1,0,0
1,-0.4265932791988404,-0.5056888645933791,0,0,1,0,0,1,0,0,1,0,0,0,0,1,0,1
0,-0.11652321631629182,-0.21147267907788653,0,0,1,1,0,0,0,1,0,0,0,0,0,0,1,1
1,1.2012745509345397,-0.5089120444184012,0,0,1,0,0,1,0,0,1,0,0,0,0,1,0,0
1,0.2710643622868939,-0.4911081812937436,0,0,1,1,0,0,0,0,1,0,0,0,0,1,0,0
1,-0.736663342081389,-0.50746190352532,0,0,1,0,0,1,0,0,1,0,0,0,0,1,0,0
0,1.356309582375814,-0.3634145748125707,0,0,1,0,0,1,0,0,0,1,0,0,0,0,1,0
0,-0.03900570059565468,-0.14105963787342762,0,1,0,0,0,1,0,0,0,1,0,0,0,0,1,1
1,-0.34907576347820324,-0.39241739267419806,0,1,0,0,0,1,0,0,1,0,0,0,0,1,0,0
1,-0.5041107949194775,-0.3528614161533199,0,1,0,1,0,0,0,0,1,0,0,0,0,1,0,0
0,-0.8141808578020261,-0.1355819723399616,1,0,0,0,0,1,0,1,0,0,0,0,0,0,1,1
1,0.5811344251694425,0.38292460482664,1,0,0,0,0,1,0,0,1,0,0,0,0,0,1,0
1,-1.0467334049639376,-0.4655682998847946,0,0,1,0,0,1,0,0,1,0,0,0,0,1,0,0
1,-0.4265932791988404,0.8875736356189561,1,0,0,1,0,0,0,0,1,0,0,0,0,1,0,0
0,-0.11652321631629182,-0.3489943737717696,0,0,1,1,0,0,0,0,0,1,0,0,0,0,1,0
0,-0.5816283106401147,-0.49392725518989383,0,0,1,0,0,1,0,1,0,0,0,0,0,1,0,1
0,-0.4265932791988404,-0.3373120387371061,0,0,1,0,0,1,0,0,0,1,0,0,0,0,1,1
1,-0.8141808578020261,-0.5132624670976453,0,0,1,0,1,0,0,0,1,0,0,0,0,1,0,0
1,-0.8916983735226632,-0.4214202105358254,0,1,0,0,0,1,0,0,1,0,0,0,0,1,0,0
1,-0.8141808578020261,0.06679389013490176,0,1,0,0,0,1,0,0,1,0,0,0,0,0,1,0
1,-0.19404073203692898,-0.4930417024845188,0,0,1,0,0,1,0,0,1,0,0,0,0,1,0,1
0,-1.5893560150083976,0.020872761853991784,0,0,1,0,0,1,0,1,0,0,0,0,1,0,0,0
1,0.5423756673091239,-0.14105963787342762,0,1,0,0,0,1,0,0,1,0,0,0,0,0,1,0
1,0.9687220037726282,-0.39241739267419806,0,1,0,0,0,1,0,0,0,0,1,0,0,1,0,0
1,1.6663796452583626,-0.4016016183303801,0,1,0,0,0,1,0,0,0,0,1,0,0,1,0,0
0,-0.5816283106401147,0.643949965581286,1,0,0,0,0,1,0,0,0,1,0,0,0,0,1,1
1,2.0152084660012295,-0.48812669161756833,0,0,1,0,0,1,0,0,1,0,0,0,0,1,0,0
1,0.8524457301916725,-0.3634145748125707,0,0,1,0,0,1,0,0,1,0,0,0,0,0,1,0
1,-0.11652321631629182,-0.5023864103995351,0,0,1,0,0,1,0,0,1,0,0,0,0,1,0,0
1,1.6663796452583626,0.5430046912532968,1,0,0,1,0,0,0,0,1,0,0,0,0,0,1,0
0,-1.0467334049639376,-0.49425015322875326,0,0,1,0,1,0,0,1,0,0,0,0,0,1,0,1
1,0.03851181512498246,-0.48812669161756833,0,0,1,0,0,1,0,0,1,0,0,0,0,1,0,0
1,-0.11652321631629182,-0.4762838743240705,0,0,1,0,0,1,0,0,1,0,0,0,0,1,0,0
1,-0.11652321631629182,0.7009888407091532,0,0,1,0,0,1,1,0,0,0,0,0,1,0,0,0
1,1.1237570352139026,-0.33247823576016816,0,0,1,0,0,1,0,0,1,0,0,0,0,0,1,0
0,0.8136869723313539,-0.33924555992788125,0,1,0,0,0,1,0,0,0,1,0,0,0,1,0,1
1,-0.2715582477575661,-0.49344387489220004,0,0,1,0,0,1,0,0,1,0,0,0,0,1,0,0
1,-0.9692158892433004,-0.4762838743240705,0,0,1,0,0,1,0,0,1,0,0,0,0,1,0,0
1,-2.2094961407734948,0.123591075113922,0,0,1,0,0,1,1,0,0,0,0,0,1,0,0,0
1,-1.5893560150083976,-0.24691992306836752,0,0,1,0,0,1,1,0,0,0,0,0,0,0,1,1
0,-0.11652321631629182,0.41966150745136793,1,0,0,0,0,1,0,0,0,1,0,0,0,0,1,1
0,1.2012745509345397,-0.10432273524869967,0,0,1,0,0,1,0,0,0,1,0,0,1,0,0,0
1,-0.11652321631629182,-0.14250977876650897,1,0,0,0,0,1,0,0,1,0,0,0,0,1,0,0
1,-0.11652321631629182,0.4485831174229828,0,0,1,0,0,1,0,0,1,0,0,0,0,1,0,0
1,2.4415548024647338,0.00395445143470916,1,0,0,0,0,1,0,0,1,0,0,0,0,1,0,0
1,-1.9769435936115833,-0.08063710066170397,0,0,1,0,1,0,1,0,0,0,0,0,1,0,0,0
0,-2.2094961407734948,-0.428510432742398,0,0,1,0,0,1,0,1,0,0,0,0,0,0,1,1
1,-0.6591458263607518,-0.4905435931060373,0,0,1,0,0,1,0,0,1,0,0,0,0,1,0,0
1,2.053967223861548,-0.05026534979700783,1,0,0,1,0,0,0,0,1,0,0,0,0,1,0,0
1,-0.8916983735226632,-0.49191252610910613,0,0,1,0,0,1,0,0,1,0,0,0,0,0,1,0
1,-0.11652321631629182,-0.15137110638383156,0,0,1,0,0,1,1,0,0,0,0,0,1,0,0,0
0,1.5888621295377254,-0.08861287557365152,1,0,0,1,0,0,0,1,0,0,0,0,0,1,0,0
1,0.03851181512498246,-0.39241739267419806,0,1,0,0,0,1,0,0,1,0,0,0,0,1,0,0
1,0.5036169094488053,-0.6437751474749684,0,0,1,0,0,1,0,0,1,0,0,0,0,1,0,0
0,-0.11652321631629182,0.7009888407091532,0,0,1,0,0,1,0,1,0,0,0,0,1,0,0,0
1,-0.11652321631629182,-0.3527802082633073,0,1,0,1,0,0,0,0,1,0,0,0,0,1,0,0
1,-1.5893560150083976,-0.03689118372041605,0,0,1,0,0,1,1,0,0,0,0,0,1,0,0,0
1,-2.2094961407734948,0.1102981169273428,0,1,0,0,0,1,1,0,0,0,0,0,0,0,1,1
0,-1.9769435936115833,-0.21791710520674015,0,0,1,0,0,1,0,1,0,0,0,0,0,0,1,1
1,-0.11652321631629182,0.3229854479126101,1,0,0,0,0,1,0,0,1,0,0,0,0,1,0,0
0,-0.11652321631629182,-0.3440793629048191,0,0,1,0,1,0,0,0,0,1,0,0,0,0,1,1
1,1.2012745509345397,-0.13042527132416426,1,0,0,0,0,1,0,0,1,0,0,0,0,1,0,1
1,0.8136869723313539,-0.3440793629048191,0,0,1,0,1,0,0,0,1,0,0,0,0,0,1,0
1,0.5036169094488053,-0.4911081812937436,0,0,1,0,0,1,0,0,1,0,0,0,0,1,0,0
0,0.19354684656625676,-0.39241739267419806,0,1,0,0,0,1,0,0,0,1,0,0,0,1,0,1
1,-0.8141808578020261,-0.39241739267419806,0,1,0,0,0,1,0,0,1,0,0,0,0,1,0,0
0,-0.8141808578020261,-0.49191252610910613,0,0,1,0,0,1,0,1,0,0,0,0,0,0,1,1
1,-2.0544611093322205,-0.14105963787342762,0,1,0,0,0,1,1,0,0,0,0,0,0,0,1,1
0,1.1237570352139026,-0.10778760522256871,1,0,0,1,0,0,0,0,0,1,0,0,0,1,0,1
0,2.2090022553028223,2.1892355694183183,1,0,0,1,0,0,0,1,0,0,0,0,0,1,0,1
1,-0.11652321631629182,-0.49392725518989383,0,0,1,0,1,0,0,0,1,0,0,0,0,1,0,0
1,0.9687220037726282,-0.48127815955984277,0,0,1,0,0,1,0,0,1,0,0,0,0,0,1,0
0,-0.11652321631629182,-0.49392725518989383,0,0,1,0,1,0,0,1,0,0,0,0,0,1,0,1
0,-0.4265932791988404,-0.39241739267419806,0,1,0,0,0,1,0,1,0,0,0,0,0,1,0,0
1,-0.11652321631629182,-0.4600906343513286,0,0,1,0,0,1,0,0,1,0,0,0,0,1,0,0
1,-0.11652321631629182,0.7009888407091532,0,0,1,0,0,1,0,0,1,0,0,0,1,0,0,0
1,0.34858187800753104,-0.5181774779645959,0,0,1,0,0,1,0,0,1,0,0,0,0,1,0,0
1,1.2400333087948583,-0.5040782414414634,0,0,1,1,0,0,0,0,1,0,0,0,0,1,0,0
1,-0.8916983735226632,-0.48812669161756833,0,0,1,0,0,1,0,0,1,0,0,0,0,1,0,1
0,-2.1319786250528576,-0.4414804928901177,0,0,1,0,0,1,0,1,0,0,0,0,0,0,1,0
1,0.19354684656625676,-0.3373120387371061,0,0,1,0,0,1,0,0,1,0,0,0,0,0,1,0
1,-0.2715582477575661,-0.2805148537580858,0,0,1,1,0,0,0,0,1,0,0,0,0,1,0,1
0,-1.0467334049639376,-0.49392725518989383,0,0,1,0,1,0,0,1,0,0,0,0,0,1,0,1
1,0.8136869723313539,-0.04438357833466977,1,0,0,1,0,0,0,0,1,0,0,0,0,1,0,1
1,-0.4265932791988404,-0.50746190352532,0,0,1,0,0,1,0,0,1,0,0,0,0,1,0,0
0,0.4260993937281682,-0.23773569741218548,0,1,0,0,0,1,0,1,0,0,0,0,0,1,0,1
1,-0.5816283106401147,-0.5035948611437696,0,0,1,0,0,1,0,0,1,0,0,0,0,1,0,0
1,0.03851181512498246,-0.39241739267419806,0,1,0,0,0,1,0,0,1,0,0,0,0,1,0,0
1,-0.11652321631629182,-0.49392725518989383,0,0,1,0,1,0,0,0,1,0,0,0,0,0,1,0
0,0.1160293308456196,1.546420981375591,1,0,0,1,0,0,0,1,0,0,0,0,0,0,1,1
0,-0.19404073203692898,-0.4905435931060373,0,0,1,0,0,1,0,1,0,0,0,0,0,1,0,1
1,0.9687220037726282,-0.12172442596567605,0,1,0,0,0,1,0,0,1,0,0,0,0,0,1,0
0,0.19354684656625676,0.8313410388276422,1,0,0,1,0,0,0,1,0,0,0,0,0,1,0,1
1,0.03851181512498246,-0.440755422443577,0,1,0,0,0,1,0,0,1,0,0,0,0,1,0,0
1,-1.0467334049639376,-0.48812669161756833,0,0,1,0,0,1,0,0,1,0,0,0,0,1,0,1
1,-0.19404073203692898,-0.39241739267419806,0,1,0,0,0,1,0,0,1,0,0,0,0,1,0,0
1,1.6663796452583626,-0.48812669161756833,0,0,1,0,0,1,0,0,1,0,0,0,0,1,0,0
1,-0.11652321631629182,-0.4911081812937436,0,0,1,0,0,1,0,0,1,0,0,0,0,1,0,0
1,0.6586519408900796,1.096393924222673,1,0,0,0,0,1,0,0,1,0,0,0,0,0,1,1
1,-0.5816283106401147,-0.46299091613749127,0,0,1,0,0,1,0,0,1,0,0,0,0,1,0,0
1,-0.8141808578020261,-0.440755422443577,0,1,0,0,0,1,0,0,1,0,0,0,0,1,0,1
1,-0.6979045842210704,-0.5035948611437696,0,0,1,0,0,1,0,0,1,0,0,0,0,1,0,0
1,-0.8916983735226632,-0.39241739267419806,0,1,0,0,0,1,0,0,1,0,0,0,0,1,0,0
0,-0.11652321631629182,-0.15137110638383156,0,0,1,0,0,1,0,1,0,0,0,0,1,0,0,0
0,0.4260993937281682,0.9702316665245938,1,0,0,0,0,1,0,0,0,1,0,0,0,0,1,1
1,-0.03900570059565468,-0.49344387489220004,0,0,1,0,0,1,0,0,1,0,0,0,0,1,0,0
1,2.2865197710234595,-0.3827497867203223,0,1,0,0,0,1,0,0,1,0,0,0,0,1,0,0
0,-1.8994260778909462,-0.03689118372041605,0,0,1,0,0,1,0,1,0,0,0,0,1,0,0,1
1,-0.4265932791988404,-0.440755422443577,0,1,0,0,0,1,0,0,1,0,0,0,0,1,0,0
0,-0.11652321631629182,-0.4977942975714441,0,0,1,0,0,1,0,1,0,0,0,0,0,1,0,0
1,1.1237570352139026,-0.14105963787342762,0,1,0,0,0,1,0,0,1,0,0,0,0,0,1,0
0,-1.6668735307290348,-0.13622583489648973,0,1,0,0,0,1,0,1,0,0,0,0,0,0,1,1
1,-0.8141808578020261,-0.440755422443577,0,1,0,0,0,1,0,0,1,0,0,0,0,1,0,0
1,0.2710643622868939,-0.40643542130731797,0,1,0,0,0,1,0,0,1,0,0,0,0,1,0,0
0,-0.11652321631629182,-0.3643001275179457,0,0,1,1,0,0,0,1,0,0,0,0,0,0,1,0
0,-0.11652321631629182,-0.3440793629048191,0,0,1,0,1,0,0,1,0,0,0,0,0,0,1,1
1,-0.03900570059565468,-0.440755422443577,0,1,0,0,0,1,0,0,1,0,0,0,0,1,0,0
1,-0.5816283106401147,-0.5060117626322386,0,0,1,0,0,1,0,0,1,0,0,0,0,1,0,0
1,0.03851181512498246,-0.5040782414414634,0,0,1,1,0,0,0,0,1,0,0,0,0,1,0,0
1,1.1237570352139026,1.096393924222673,1,0,0,0,1,0,0,0,0,0,1,0,0,0,1,0
0,-0.34907576347820324,-0.49344387489220004,0,0,1,0,0,1,0,1,0,0,0,0,0,1,0,0
0,-0.4265932791988404,-0.3634145748125707,0,1,0,0,0,1,0,0,0,1,0,0,0,0,1,1
1,0.5811344251694425,0.3723714461673892,1,0,0,0,0,1,0,0,1,0,0,0,0,0,1,1
1,1.898932192420274,-0.14105963787342762,0,1,0,0,0,1,0,0,0,0,1,0,0,0,1,0
1,-0.11652321631629182,-0.5035948611437696,0,0,1,0,0,1,0,0,1,0,0,0,0,1,0,0
0,-0.03900570059565468,-0.4414804928901177,0,0,1,0,0,1,0,0,0,1,0,0,0,0,1,0
1,2.519072318185371,-0.13042527132416426,1,0,0,0,0,1,0,0,1,0,0,0,0,1,0,0
1,0.03851181512498246,-0.33247823576016816,0,0,1,0,0,1,0,0,1,0,0,0,0,0,1,0
0,0.891204488051991,-0.25296217678953986,0,0,1,0,0,1,0,0,0,1,0,0,0,0,1,0
0,-0.03900570059565468,-0.3489943737717696,0,0,1,1,0,0,0,0,0,1,0,0,0,0,1,1
0,-0.11652321631629182,0.8875736356189561,1,0,0,1,0,0,0,0,0,1,0,0,0,1,0,1
0,0.03851181512498246,1.0287206825455424,1,0,0,0,0,1,0,1,0,0,0,0,0,1,0,1
0,0.4260993937281682,9.262218501053868,1,0,0,1,0,0,0,1,0,0,0,0,0,1,0,1
0,1.5888621295377254,-0.14105963787342762,0,1,0,0,0,1,0,0,0,1,0,0,0,0,1,1
1,-0.11652321631629182,-0.49392725518989383,0,0,1,0,1,0,0,0,1,0,0,0,0,1,0,0
1,-2.0544611093322205,-0.03689118372041605,0,0,1,0,0,1,1,0,0,0,0,0,1,0,0,1
1,1.7438971609789997,0.8962744809774443,1,0,0,0,0,1,0,0,1,0,0,0,0,0,1,0
1,0.8136869723313539,-0.6437751474749684,1,0,0,0,0,1,0,0,1,0,0,0,0,1,0,0
0,-0.11652321631629182,-0.49392725518989383,0,0,1,0,1,0,0,1,0,0,0,0,0,1,0,0
1,0.5036169094488053,-0.440755422443577,0,1,0,0,0,1,0,0,1,0,0,0,0,1,0,0
1,-1.0467334049639376,0.123591075113922,0,0,1,0,0,1,0,0,1,0,0,0,1,0,0,0
1,-0.34907576347820324,-0.49344387489220004,0,0,1,0,0,1,0,0,1,0,0,0,0,0,1,1
0,2.2090022553028223,2.323454809918357,1,0,0,0,0,1,0,0,0,1,0,0,0,0,1,1
0,0.4260993937281682,1.9787234497726727,1,0,0,0,0,1,0,1,0,0,0,0,0,1,0,1
1,-0.11652321631629182,-0.04438357833466977,1,0,0,0,0,1,0,0,1,0,0,0,0,1,0,0
1,-0.34907576347820324,-0.6437751474749684,0,0,1,0,0,1,0,0,1,0,0,0,0,1,0,1
0,0.891204488051991,-0.26673851527381287,0,1,0,0,0,1,0,0,0,1,0,0,0,0,1,1
1,0.5811344251694425,-0.06951935381474683,1,0,0,1,0,0,0,0,1,0,0,0,0,0,1,0
0,-0.11652321631629182,-0.49392725518989383,0,0,1,0,1,0,0,1,0,0,0,0,0,1,0,1
0,2.596589833906008,0.8635651029931007,1,0,0,0,0,1,0,1,0,0,0,0,0,0,1,1
0,1.2012745509345397,-0.49392725518989383,0,0,1,0,0,1,0,1,0,0,0,0,0,1,0,0
1,-0.11652321631629182,-0.6437751474749684,0,1,0,0,0,1,0,0,1,0,0,0,0,1,0,0
1,-1.744391046449672,-0.08063710066170397,0,0,1,0,1,0,1,0,0,0,0,0,1,0,0,0
0,0.4260993937281682,-0.2522371063429992,0,0,1,0,0,1,0,0,0,1,0,0,0,0,1,1
1,2.7516248653472823,-0.49392725518989383,0,0,1,0,1,0,0,0,1,0,0,0,0,1,0,0
1,-0.11652321631629182,-0.49191252610910613,0,0,1,0,0,1,0,0,1,0,0,0,0,1,0,0
1,-1.0467334049639376,-0.4600906343513286,0,0,1,0,0,1,0,0,1,0,0,0,0,1,0,0
1,-0.8141808578020261,-0.48812669161756833,0,0,1,0,0,1,0,0,1,0,0,0,0,1,0,1
1,-0.11652321631629182,-0.14105963787342762,1,0,0,0,0,1,0,0,1,0,0,0,0,1,0,0
1,0.2710643622868939,-0.4762838743240705,0,0,1,1,0,0,0,0,1,0,0,0,0,1,0,0
1,0.03851181512498246,-0.4600906343513286,0,0,1,0,0,1,0,0,1,0,0,0,0,1,0,1
1,-0.5816283106401147,-0.4911081812937436,0,0,1,0,0,1,0,0,1,0,0,0,0,1,0,0
1,0.9687220037726282,-0.39241739267419806,0,1,0,0,0,1,0,0,1,0,0,0,0,1,0,1
0,-0.5816283106401147,-0.49392725518989383,0,0,1,0,1,0,0,1,0,0,0,0,0,1,0,1
0,-0.2715582477575661,0.8808063114512428,1,0,0,0,0,1,0,1,0,0,0,0,0,1,0,1
0,-0.8141808578020261,1.1172604849135184,1,0,0,1,0,0,0,0,0,1,0,0,0,0,1,1
1,0.5036169094488053,-0.394834294162667,0,1,0,1,0,0,0,0,1,0,0,0,0,1,0,0
0,-0.4265932791988404,-0.47265852209136705,0,0,1,0,0,1,0,1,0,0,0,0,0,1,0,0
1,-0.4265932791988404,-0.4911081812937436,0,0,1,0,0,1,0,0,1,0,0,0,0,1,0,0
1,-0.11652321631629182,-0.10778760522256871,1,0,0,1,0,0,0,0,1,0,0,0,0,1,0,0
1,-0.465352037059159,-0.5039970335514509,0,0,1,1,0,0,0,0,1,0,0,0,0,1,0,0
0,-2.1319786250528576,2.2864762171447826,1,0,0,0,0,1,0,1,0,0,0,0,0,0,1,0
1,-0.11652321631629182,-0.05405118428854556,1,0,0,0,0,1,0,0,1,0,0,0,0,1,0,1
0,1.5888621295377254,4.142091972101227,1,0,0,1,0,0,0,0,0,1,0,0,0,0,1,1
0,-0.11652321631629182,-0.49392725518989383,0,0,1,0,1,0,0,1,0,0,0,0,0,1,0,1
1,-0.11652321631629182,-0.19423147061974444,0,0,1,0,1,0,0,0,1,0,0,0,0,0,1,1
1,-0.8141808578020261,-0.6437751474749684,0,0,1,0,0,1,0,0,1,0,0,0,0,1,0,0
0,-0.11652321631629182,-0.40498528041423654,0,1,0,0,1,0,0,1,0,0,0,0,0,1,0,1
1,-0.11652321631629182,-0.48812669161756833,0,0,1,0,0,1,0,0,1,0,0,0,0,1,0,0
1,-2.2156975420311458,2.2864762171447826,1,0,0,0,0,1,1,0,0,0,0,0,0,0,1,1
0,-0.11652321631629182,1.5001769550558215,1,0,0,1,0,0,0,1,0,0,0,0,0,1,0,1
0,-0.9692158892433004,1.4618294292791778,1,0,0,1,0,0,0,0,0,1,0,0,0,0,1,1
1,0.03851181512498246,-0.17973006168893077,0,1,0,1,0,0,0,0,1,0,0,0,0,0,1,0
0,0.03851181512498246,0.4569629982638023,1,0,0,1,0,0,0,1,0,0,0,0,0,1,0,1
0,-0.4265932791988404,0.964108204913409,1,0,0,1,0,0,0,1,0,0,0,0,0,1,0,1
0,-0.8916983735226632,4.42930107682135,1,0,0,1,0,0,0,1,0,0,0,0,1,0,0,1
0,-0.2715582477575661,-0.14105963787342762,0,1,0,0,0,1,0,0,0,1,0,0,0,0,1,0
1,-0.11652321631629182,-0.4911081812937436,0,0,1,0,0,1,0,0,1,0,0,0,0,1,0,0
1,1.0462395194932654,-0.13622583489648973,0,1,0,0,0,1,0,0,1,0,0,0,0,0,1,0
0,-0.2715582477575661,-0.49191252610910613,0,0,1,0,0,1,0,1,0,0,0,0,0,1,0,1
0,-0.4265932791988404,-0.14105963787342762,0,1,0,0,0,1,0,0,0,1,0,0,0,0,1,1
1,1.898932192420274,-0.3730821807664465,0,1,0,0,0,1,0,0,0,0,1,0,0,1,0,0
0,0.1160293308456196,2.543957433556738,1,0,0,0,0,1,0,1,0,0,0,0,0,0,1,1
0,0.8136869723313539,1.956810854117618,1,0,0,1,0,0,0,0,0,1,0,0,0,0,1,1
1,-0.5816283106401147,-0.5035948611437696,0,0,1,0,0,1,0,0,1,0,0,0,0,1,0,0
1,-0.19404073203692898,-0.4911081812937436,0,0,1,0,0,1,0,0,1,0,0,0,0,1,0,0
0,0.03851181512498246,-0.40498528041423654,0,1,0,0,1,0,0,1,0,0,0,0,0,1,0,1
0,-0.5816283106401147,-0.08305400215017292,0,1,0,0,0,1,0,0,0,1,0,0,0,0,1,1
1,-0.11652321631629182,0.7009888407091532,0,0,1,0,0,1,0,0,1,0,0,0,1,0,0,0
0,0.5036169094488053,1.9787234497726727,1,0,0,1,0,0,0,1,0,0,0,0,0,1,0,1
1,2.4415548024647338,-0.5231717632003681,0,0,1,0,0,1,0,0,1,0,0,0,0,1,0,0
0,0.5036169094488053,-0.39241739267419806,0,1,0,0,0,1,0,0,0,1,0,0,0,1,0,1
0,0.1160293308456196,-0.24691992306836752,0,0,1,0,0,1,0,0,0,1,0,0,0,0,1,1
0,-1.0467334049639376,0.4772649707669414,1,0,0,1,0,0,0,1,0,0,0,0,0,0,1,1
0,-0.11652321631629182,-0.19423147061974444,0,0,1,0,1,0,0,1,0,0,0,0,0,0,1,1
1,1.2400333087948583,-0.0927216081040487,1,0,0,0,0,1,0,0,1,0,0,0,0,1,0,0
1,0.6586519408900796,2.323454809918357,1,0,0,0,0,1,0,0,1,0,0,0,0,0,1,0
1,-1.0467334049639376,-0.2957413331354402,0,0,1,0,0,1,0,0,1,0,0,0,0,0,1,0
0,-0.11652321631629182,1.9403759239960292,1,0,0,0,0,1,0,0,0,1,0,0,0,0,1,1
1,-0.11652321631629182,-0.4911081812937436,0,0,1,0,0,1,0,0,1,0,0,0,0,1,0,0
1,-0.03900570059565468,0.643949965581286,1,0,0,0,0,1,0,0,1,0,0,0,0,0,1,0
0,0.891204488051991,1.956810854117618,1,0,0,1,0,0,0,1,0,0,0,0,0,1,0,1
1,1.2012745509345397,-0.48812669161756833,0,0,1,0,0,1,0,0,1,0,0,0,0,1,0,1
1,1.2012745509345397,0.0426248752502123,1,0,0,0,0,1,0,0,1,0,0,0,0,1,0,0
1,-2.1319786250528576,-0.14105963787342762,0,1,0,0,0,1,1,0,0,0,0,0,0,0,1,1
0,-0.4265932791988404,4.441385584263695,1,0,0,0,0,1,0,1,0,0,0,0,1,0,0,1
1,-0.11652321631629182,-0.39241739267419806,0,1,0,0,0,1,0,0,1,0,0,0,0,1,0,0
1,-0.34907576347820324,-0.39241739267419806,0,1,0,0,0,1,0,0,1,0,0,0,0,1,0,0
1,0.5036169094488053,-0.39241739267419806,0,1,0,0,0,1,0,0,1,0,0,0,0,1,0,0
0,-0.4265932791988404,-0.39241739267419806,0,1,0,0,0,1,0,1,0,0,0,0,0,1,0,1
0,0.8136869723313539,-0.39241739267419806,0,1,0,0,0,1,0,1,0,0,0,0,0,1,0,1
0,-0.11652321631629182,-0.33247823576016816,0,0,1,0,0,1,0,0,0,1,0,0,0,0,1,1
1,-2.0544611093322205,-0.33634527814171855,0,0,1,0,0,1,1,0,0,0,0,0,0,0,1,1
1,0.9687220037726282,-0.4762838743240705,0,0,1,0,0,1,0,0,1,0,0,0,0,1,0,0
1,-0.5041107949194775,-0.46540781762596023,0,0,1,0,0,1,0,0,1,0,0,0,0,1,0,0
1,-0.11652321631629182,0.032957269296336515,1,0,0,0,0,1,0,0,1,0,0,0,0,1,0,0
1,-1.1242509206845748,-0.5039970335514509,0,0,1,1,0,0,0,0,1,0,0,0,0,0,1,0
1,-0.34907576347820324,-0.2996083755169905,0,0,1,0,0,1,0,0,1,0,0,0,0,0,1,0
1,-0.11652321631629182,-0.5040782414414634,0,0,1,1,0,0,0,0,1,0,0,0,0,1,0,0
1,-0.11652321631629182,-0.4600906343513286,0,0,1,0,0,1,0,0,1,0,0,0,0,1,0,0
0,-0.5816283106401147,0.41966150745136793,1,0,0,0,0,1,0,1,0,0,0,0,0,0,1,1
0,0.6586519408900796,-0.39241739267419806,0,1,0,0,0,1,0,1,0,0,0,0,0,1,0,0
0,-0.11652321631629182,-0.4914291458114123,0,0,1,0,1,0,0,1,0,0,0,0,0,1,0,1
0,-0.11652321631629182,-0.4914291458114123,0,0,1,0,1,0,0,1,0,0,0,0,0,1,0,1
1,0.8136869723313539,-0.10432273524869967,0,0,1,0,0,1,0,0,1,0,0,0,1,0,0,0
1,-0.03900570059565468,-0.10778760522256871,0,1,0,1,0,0,0,0,1,0,0,0,0,0,1,0
0,1.2012745509345397,-0.3643001275179457,0,0,1,1,0,0,0,0,0,1,0,0,0,0,1,0
1,0.4260993937281682,-0.50746190352532,0,0,1,0,0,1,0,0,1,0,0,0,0,1,0,0
1,-0.11652321631629182,-0.3440793629048191,0,0,1,0,1,0,0,0,1,0,0,0,0,0,1,0
1,0.03851181512498246,-0.5035948611437696,0,0,1,0,0,1,0,0,1,0,0,0,0,1,0,0
0,2.3640372867440966,0.8111995485833373,1,0,0,1,0,0,0,0,0,1,0,0,0,0,1,1
0,-0.11652321631629182,-0.5039970335514509,0,0,1,1,0,0,0,0,0,1,0,0,0,1,0,1
0,-0.11652321631629182,-0.49392725518989383,0,0,1,0,1,0,0,1,0,0,0,0,0,1,0,1
0,-0.4265932791988404,0.6961550377322153,1,0,0,1,0,0,0,0,0,1,0,0,0,1,0,1
1,-0.34907576347820324,0.42820187055102177,1,0,0,1,0,0,0,0,1,0,0,0,0,0,1,1
1,-0.8916983735226632,-0.5181774779645959,0,0,1,0,0,1,0,0,1,0,0,0,0,0,1,0
1,-0.8141808578020261,-0.48812669161756833,0,0,1,0,0,1,0,0,1,0,0,0,0,1,0,0
1,-0.5816283106401147,1.9787234497726727,1,0,0,1,0,0,0,0,1,0,0,0,0,1,0,0
0,-2.0544611093322205,-0.23628555651910413,0,0,1,0,0,1,0,1,0,0,0,0,1,0,0,0
0,-0.11652321631629182,0.9450146831545043,1,0,0,1,0,0,0,0,0,1,0,0,0,0,1,1
0,-0.5816283106401147,-0.5035948611437696,0,0,1,0,0,1,0,1,0,0,0,0,0,1,0,1
1,-0.19404073203692898,3.445622171014489,1,0,0,1,0,0,0,0,1,0,0,0,0,0,1,0
1,-0.736663342081389,-0.5661926096951153,0,0,1,1,0,0,0,0,1,0,0,0,0,1,0,0
1,-0.8141808578020261,-0.49344387489220004,0,0,1,0,0,1,0,0,1,0,0,0,0,1,0,0
0,0.9687220037726282,3.755468941836208,1,0,0,1,0,0,0,1,0,0,0,0,0,1,0,1
0,-2.2094961407734948,-0.33940604218671555,0,0,1,1,0,0,0,1,0,0,0,0,0,0,1,1
1,0.19354684656625676,-0.4905435931060373,0,0,1,0,0,1,0,0,1,0,0,0,0,1,0,0
0,0.4260993937281682,0.36165587172811325,1,0,0,0,0,1,0,0,0,1,0,0,0,0,1,1
1,-0.11652321631629182,-0.4911081812937436,0,0,1,0,0,1,0,0,1,0,0,0,0,1,0,0
1,-0.8916983735226632,0.777362927744772,0,1,0,0,0,1,0,0,1,0,0,0,0,1,0,0
1,-2.2094961407734948,0.2630462909985802,0,0,1,0,0,1,1,0,0,0,0,0,1,0,0,0
0,0.5036169094488053,-0.39241739267419806,0,1,0,0,0,1,0,1,0,0,0,0,0,1,0,1
1,-0.11652321631629182,-0.4943294275975751,0,0,1,0,1,0,0,0,1,0,0,0,0,1,0,0
0,-0.9692158892433004,-0.4117526045819496,0,1,0,1,0,0,0,1,0,0,0,0,0,1,0,1
1,0.5036169094488053,1.67645028145522,1,0,0,0,0,1,0,0,1,0,0,0,0,0,1,1
1,-0.6591458263607518,-0.4930417024845188,0,0,1,0,0,1,0,0,1,0,0,0,0,1,0,1
1,-0.11652321631629182,-0.4905435931060373,0,0,1,0,0,1,0,0,1,0,0,0,0,0,1,0
0,-0.5041107949194775,1.546420981375591,1,0,0,1,0,0,0,1,0,0,0,0,0,0,1,1
0,-0.4265932791988404,-0.32087710861551727,0,0,1,0,0,1,0,0,0,1,0,0,0,0,1,1
1,-0.5816283106401147,-0.4930417024845188,0,0,1,0,0,1,0,0,1,0,0,0,0,1,0,0
0,0.1160293308456196,-0.49191252610910613,0,0,1,0,0,1,0,1,0,0,0,0,0,1,0,0
1,1.2787920666551769,-0.14105963787342762,0,1,0,0,0,1,0,0,1,0,0,0,0,1,0,0
1,-0.5041107949194775,-0.440755422443577,0,1,0,0,0,1,0,0,0,0,1,0,0,1,0,0
0,-0.11652321631629182,-0.39918471684191115,0,1,0,0,0,1,0,0,0,1,0,0,0,1,0,1
1,0.7361694566107168,-0.4905435931060373,0,0,1,0,0,1,0,0,1,0,0,0,0,1,0,1
1,-0.2715582477575661,-0.48812669161756833,0,0,1,0,0,1,0,0,1,0,0,0,0,1,0,0
0,-0.6591458263607518,-0.45380669048130934,0,0,1,0,0,1,0,1,0,0,0,0,0,0,1,0
1,-0.11652321631629182,-0.3373120387371061,0,0,1,0,0,1,0,0,1,0,0,0,0,0,1,0
0,-0.736663342081389,-0.4762838743240705,0,0,1,0,0,1,0,1,0,0,0,0,0,1,0,0
1,0.34858187800753104,-0.23773569741218548,0,1,0,0,0,1,0,0,1,0,0,0,0,0,1,0
1,1.6663796452583626,-0.49392725518989383,0,0,1,0,0,1,0,0,1,0,0,0,0,1,0,0
1,-2.0544611093322205,-0.2812399242046265,0,1,0,0,0,1,1,0,0,0,0,0,0,0,1,1
1,-0.6591458263607518,-0.49344387489220004,0,0,1,0,0,1,0,0,1,0,0,0,0,1,0,0
0,-0.11652321631629182,-0.15137110638383156,0,0,1,0,0,1,0,1,0,0,0,0,1,0,0,0
1,-0.11652321631629182,-0.4911081812937436,0,0,1,0,0,1,0,0,1,0,0,0,0,1,0,0
1,-0.11652321631629182,-0.5111684636480359,0,0,1,0,1,0,0,0,1,0,0,0,0,1,0,0
0,0.2710643622868939,1.096393924222673,1,0,0,0,1,0,0,1,0,0,0,0,0,0,1,1
1,-0.11652321631629182,-0.6437751474749684,0,1,0,0,0,1,0,0,1,0,0,0,0,1,0,0
1,1.1237570352139026,-0.4905435931060373,0,0,1,0,0,1,0,0,1,0,0,0,0,1,0,1
0,-0.11652321631629182,-0.48812669161756833,0,0,1,0,0,1,0,0,0,1,0,0,0,1,0,0
0,0.34858187800753104,-0.015380760473042411,0,1,0,0,0,1,0,0,0,1,0,0,0,0,1,1
0,-0.8916983735226632,-0.39241739267419806,0,1,0,0,0,1,0,1,0,0,0,0,0,0,1,1
1,0.03851181512498246,-0.39241739267419806,0,1,0,0,0,1,0,0,1,0,0,0,0,1,0,0
0,-1.5118384992877605,-0.17682977990276808,0,0,1,0,0,1,0,1,0,0,0,0,0,0,1,0
1,-0.11652321631629182,-0.4911081812937436,0,0,1,1,0,0,0,0,1,0,0,0,0,1,0,0
1,-0.6591458263607518,-0.49425015322875326,0,0,1,0,1,0,0,0,1,0,0,0,0,1,0,0
1,-0.03900570059565468,-0.4915103537014249,0,0,1,0,0,1,0,0,1,0,0,0,0,1,0,0
0,-0.11652321631629182,-0.3653480960033459,0,0,1,0,0,1,0,0,0,1,0,0,0,0,1,0
1,-0.8916983735226632,-0.25296217678953986,0,0,1,0,0,1,0,0,1,0,0,0,0,0,1,0
1,-0.11652321631629182,-0.5035948611437696,0,0,1,0,0,1,0,0,1,0,0,0,0,1,0,0
0,-0.11652321631629182,-0.14105963787342762,0,1,0,0,0,1,0,0,0,1,0,0,0,0,1,1
0,-0.8141808578020261,-0.14105963787342762,0,1,0,0,0,1,0,1,0,0,0,0,0,1,0,1
1,-0.11652321631629182,-0.49392725518989383,0,0,1,0,1,0,0,0,1,0,0,0,0,1,0,0
1,0.19354684656625676,-0.48812669161756833,0,0,1,0,0,1,0,0,1,0,0,0,0,1,0,1
1,-0.11652321631629182,-0.13042527132416426,1,0,0,0,0,1,0,0,1,0,0,0,0,1,0,1
0,-0.11652321631629182,-0.33247823576016816,0,0,1,0,0,1,0,0,0,1,0,0,0,0,1,1
0,0.9687220037726282,-0.14105963787342762,0,1,0,0,0,1,0,0,0,1,0,0,0,0,1,1
1,-0.9692158892433004,-0.5060117626322386,0,0,1,0,0,1,0,0,1,0,0,0,0,1,0,0
1,1.5888621295377254,0.4370631981683443,1,0,0,0,0,1,0,0,1,0,0,0,0,0,1,0
0,-1.201768436405212,1.67645028145522,1,0,0,0,0,1,0,1,0,0,0,0,0,0,1,1
0,-0.6591458263607518,0.020872761853991784,0,0,1,0,0,1,0,1,0,0,0,0,1,0,0,0
0,-0.4265932791988404,-0.2812399242046265,0,1,0,0,0,1,0,0,0,1,0,0,1,0,0,1
1,2.674107349626645,4.441385584263695,1,0,0,0,0,1,0,0,1,0,0,0,1,0,0,0
1,0.1160293308456196,-0.440755422443577,0,1,0,0,0,1,0,0,1,0,0,0,0,1,0,0
0,1.2012745509345397,-0.13622583489648973,0,1,0,0,0,1,0,0,0,1,0,0,0,0,1,1
1,-0.736663342081389,-0.4600906343513286,0,0,1,0,0,1,0,0,1,0,0,0,0,1,0,0
1,-0.34907576347820324,-0.49344387489220004,0,0,1,0,0,1,0,0,1,0,0,0,0,0,1,0
0,-0.11652321631629182,-0.39241739267419806,0,1,0,0,0,1,0,0,0,1,0,0,0,1,0,1
1,-0.11652321631629182,-0.48691824087333385,0,0,1,0,0,1,0,0,1,0,0,0,0,1,0,1
1,-1.9769435936115833,0.938972429433332,1,0,0,0,0,1,1,0,0,0,0,0,0,0,1,1
0,-1.279285952125849,-0.26673851527381287,0,1,0,0,0,1,0,1,0,0,0,0,0,0,1,1
1,0.34858187800753104,-0.13042527132416426,1,0,0,0,0,1,0,0,1,0,0,0,0,1,0,1
0,-1.8994260778909462,-0.27141183599191643,0,0,1,1,0,0,0,1,0,0,0,0,0,0,1,1
1,1.7438971609789997,-0.05405118428854556,1,0,0,0,0,1,0,0,0,0,1,0,0,1,0,1
1,0.5036169094488053,-0.10722301703486238,0,1,0,0,0,1,0,0,1,0,0,0,0,0,1,0
1,-0.11652321631629182,-0.2577147718764652,0,0,1,0,0,1,0,0,1,0,0,0,0,0,1,0
1,0.03851181512498246,-0.10722301703486238,1,0,0,1,0,0,0,0,1,0,0,0,0,1,0,0
1,1.5113446138170883,1.0790734413957093,1,0,0,1,0,0,0,0,1,0,0,0,0,0,1,1
1,-0.11652321631629182,-0.48812669161756833,0,0,1,0,0,1,0,0,1,0,0,0,0,1,0,0
1,-0.03900570059565468,-0.4911081812937436,0,0,1,1,0,0,0,0,1,0,0,0,0,1,0,1
1,2.7516248653472823,-0.13042527132416426,1,0,0,0,0,1,0,0,1,0,0,0,0,1,0,0
0,-0.11652321631629182,0.35899728009079734,1,0,0,0,0,1,0,0,0,1,0,0,0,0,1,1
0,1.5888621295377254,-0.440755422443577,0,1,0,0,0,1,0,1,0,0,0,0,0,1,0,1
1,-0.11652321631629182,-0.49392725518989383,0,0,1,0,1,0,0,0,1,0,0,0,0,1,0,0
1,1.4338270980964511,-0.13042527132416426,1,0,0,0,0,1,0,0,1,0,0,0,0,1,0,1
1,0.34858187800753104,-0.48812669161756833,0,0,1,0,0,1,0,0,1,0,0,0,0,1,0,0
1,1.356309582375814,0.10063051097346702,1,0,0,0,0,1,0,0,1,0,0,0,0,1,0,0
1,1.4338270980964511,-0.39241739267419806,0,1,0,0,0,1,0,0,1,0,0,0,0,1,0,0
1,-0.11652321631629182,-0.48812669161756833,0,0,1,0,0,1,0,0,1,0,0,0,0,1,0,0
1,0.6586519408900796,-0.50746190352532,0,0,1,0,0,1,0,0,1,0,0,0,0,1,0,0
1,-0.11652321631629182,-0.6437751474749684,0,1,0,0,0,1,0,0,1,0,0,0,0,1,0,0
1,2.053967223861548,-0.13042527132416426,1,0,0,0,0,1,0,0,1,0,0,0,0,1,0,0
1,-0.11652321631629182,-0.49441063548758757,0,0,1,0,1,0,0,0,1,0,0,0,0,1,0,0
0,-2.228875519703654,-0.27141183599191643,0,0,1,1,0,0,0,1,0,0,0,0,0,0,1,1
1,-0.11652321631629182,-0.5035948611437696,0,0,1,0,0,1,0,0,1,0,0,0,0,1,0,0
1,0.6586519408900796,-0.4762838743240705,0,0,1,0,0,1,0,0,1,0,0,0,0,1,0,0
0,0.2710643622868939,-0.10722301703486238,0,1,0,0,0,1,0,0,0,1,0,0,0,0,1,1
0,-0.5041107949194775,-0.37710970540683114,0,1,0,1,0,0,0,0,0,1,0,0,0,1,0,1
0,-0.5816283106401147,-0.45356500033246244,0,0,1,0,0,1,0,1,0,0,0,0,0,1,0,0
1,-0.11652321631629182,0.36165587172811325,1,0,0,0,0,1,0,0,1,0,0,0,0,1,0,0
1,0.34858187800753104,-0.23773569741218548,0,1,0,0,0,1,0,0,1,0,0,0,0,0,1,0
1,-0.03900570059565468,-0.5075431114153325,0,0,1,0,0,1,0,0,1,0,0,0,0,0,1,0
1,-0.5816283106401147,-0.49835888575915044,0,0,1,0,0,1,0,0,1,0,0,0,0,1,0,0
0,-2.1319786250528576,-0.406193731158471,0,0,1,0,0,1,0,1,0,0,0,0,0,0,1,1
1,-1.5893560150083976,0.2630462909985802,0,0,1,0,0,1,1,0,0,0,0,0,1,0,0,0
1,-0.11652321631629182,-0.6437751474749684,0,1,0,0,0,1,0,0,1,0,0,0,0,1,0,0
1,1.5888621295377254,-0.48812669161756833,0,0,1,0,0,1,0,0,1,0,0,0,0,1,0,0
0,2.596589833906008,-0.4583988033094003,0,0,1,0,0,1,0,0,0,1,0,0,0,1,0,1
1,-0.34907576347820324,1.1172604849135184,1,0,0,1,0,0,0,0,1,0,0,0,0,0,1,1
0,-0.11652321631629182,-0.15137110638383156,0,0,1,0,0,1,0,1,0,0,0,0,1,0,0,0
0,0.4260993937281682,1.096393924222673,1,0,0,0,0,1,0,0,0,1,0,0,0,0,1,1
1,2.2090022553028223,-0.06951935381474683,1,0,0,1,0,0,0,0,1,0,0,0,0,1,0,0
1,0.03851181512498246,-0.48812669161756833,0,0,1,0,0,1,0,0,1,0,0,0,0,1,0,0
1,-1.5893560150083976,-0.33634527814171855,0,0,1,0,0,1,1,0,0,0,0,0,0,0,1,1
1,-0.11652321631629182,-0.2577147718764652,0,0,1,0,0,1,0,0,1,0,0,0,0,0,1,0
1,-0.6591458263607518,-0.5035948611437696,0,0,1,0,0,1,0,0,1,0,0,0,0,1,0,0
1,1.9764497081409111,-0.05405118428854556,1,0,0,0,0,1,0,0,1,0,0,0,0,1,0,0
1,3.216729959671105,0.31339904984874684,1,0,0,1,0,0,0,0,1,0,0,0,0,1,0,0
1,-0.6591458263607518,-0.48812669161756833,0,0,1,0,0,1,0,0,1,0,0,0,0,1,0,0
1,-0.11652321631629182,-0.3642208531491239,0,0,1,1,0,0,0,0,1,0,0,0,0,1,0,0
0,1.898932192420274,0.8695280823454514,1,0,0,1,0,0,0,1,0,0,0,0,0,0,1,1
1,-0.11652321631629182,-0.3518134476679197,0,0,1,0,0,1,0,0,1,0,0,0,0,1,0,0
0,-0.34907576347820324,2.2864762171447826,1,0,0,0,0,1,0,0,0,1,0,0,0,0,1,0
1,-0.4265932791988404,-0.4930417024845188,0,0,1,0,0,1,0,0,1,0,0,0,0,1,0,0
1,-0.9692158892433004,-0.4762838743240705,0,0,1,0,0,1,0,0,1,0,0,0,0,1,0,0
0,-0.6591458263607518,-0.49392725518989383,0,0,1,0,1,0,0,1,0,0,0,0,0,1,0,0
0,-0.11652321631629182,-0.4962629487883502,0,0,1,0,1,0,0,1,0,0,0,0,0,1,0,0
0,0.5811344251694425,-0.4583988033094003,0,0,1,0,0,1,0,1,0,0,0,0,0,1,0,0
0,-1.0467334049639376,1.0287206825455424,1,0,0,0,0,1,0,1,0,0,0,0,0,1,0,1
1,-0.8916983735226632,1.4618294292791778,1,0,0,1,0,0,0,0,1,0,0,0,0,0,1,0
0,0.2710643622868939,-0.14105963787342762,0,1,0,0,0,1,0,0,0,1,0,0,0,0,1,1
1,-0.11652321631629182,-0.13042527132416426,1,0,0,0,0,1,0,0,1,0,0,0,0,1,0,1
1,-0.11652321631629182,-0.20824949925286437,0,0,1,0,0,1,0,0,1,0,0,0,0,1,0,0
1,-0.2715582477575661,0.4485831174229828,0,0,1,0,0,1,0,0,1,0,0,0,0,1,0,1
1,-0.03900570059565468,-0.49392725518989383,0,0,1,0,1,0,0,0,1,0,0,0,0,1,0,1
1,-0.11652321631629182,-0.48812669161756833,0,0,1,0,0,1,0,0,1,0,0,0,0,1,0,0
1,0.5036169094488053,-0.13550076444994902,1,0,0,0,0,1,0,0,1,0,0,0,0,1,0,1
0,1.898932192420274,0.5047364398454749,1,0,0,1,0,0,0,0,0,1,0,0,0,0,1,1
1,-0.4265932791988404,-0.4988422660568443,0,0,1,0,0,1,0,0,1,0,0,0,0,1,0,0
1,1.356309582375814,0.014024229796266203,1,0,0,0,0,1,0,0,1,0,0,0,0,1,0,0
0,0.34858187800753104,-0.440755422443577,0,1,0,0,0,1,0,0,0,1,0,0,0,1,0,1
1,-0.11652321631629182,-0.17682977990276808,0,0,1,0,1,0,0,0,1,0,0,0,0,1,0,0
0,0.5036169094488053,-0.14105963787342762,0,1,0,0,0,1,0,0,0,1,0,0,0,0,1,1
1,0.19354684656625676,-0.4911081812937436,0,0,1,0,0,1,0,0,1,0,0,0,0,1,0,0
0,0.03851181512498246,1.1640671658998034,1,0,0,0,0,1,0,1,0,0,0,0,0,1,0,1
1,-0.5816283106401147,-0.4911081812937436,0,0,1,0,0,1,0,0,1,0,0,0,0,1,0,0
1,-0.11652321631629182,-0.5040782414414634,0,0,1,1,0,0,0,0,1,0,0,0,0,1,0,0
0,1.1237570352139026,0.4772649707669414,1,0,0,1,0,0,0,0,0,1,0,0,0,0,1,1
1,-0.11652321631629182,-0.5039970335514509,0,0,1,1,0,0,0,0,1,0,0,0,0,1,0,0
1,0.8524457301916725,-0.49392725518989383,0,0,1,0,1,0,0,0,1,0,0,0,0,1,0,0
0,1.5888621295377254,-0.440755422443577,0,1,0,0,0,1,0,1,0,0,0,0,0,1,0,1
1,-0.11652321631629182,3.644372681256649,1,0,0,0,0,1,0,0,1,0,0,0,0,1,0,0
1,0.7361694566107168,-0.4905435931060373,0,0,1,0,0,1,0,0,1,0,0,0,0,1,0,0
1,-0.5041107949194775,-0.4214202105358254,0,1,0,0,0,1,0,0,1,0,0,0,0,0,1,0
0,-2.1319786250528576,-0.14105963787342762,0,1,0,0,0,1,0,1,0,0,0,0,0,0,1,1
1,-0.11652321631629182,-0.5039970335514509,0,0,1,1,0,0,0,0,1,0,0,0,0,1,0,0
1,-0.9692158892433004,-0.5039970335514509,0,0,1,1,0,0,0,0,1,0,0,0,0,0,1,0
0,-0.11652321631629182,-0.21147267907788653,0,0,1,1,0,0,0,0,0,1,0,0,0,0,1,1
0,0.03851181512498246,-0.4762838743240705,0,0,1,0,0,1,0,1,0,0,0,0,0,1,0,0
0,-1.744391046449672,-0.13622583489648973,0,1,0,0,0,1,0,1,0,0,0,0,0,0,1,1
1,1.2012745509345397,-0.13042527132416426,1,0,0,0,0,1,0,0,0,0,1,0,0,1,0,0
0,0.03851181512498246,1.4139747798074924,1,0,0,1,0,0,0,1,0,0,0,0,0,1,0,1
1,-0.11652321631629182,-0.3634145748125707,0,0,1,0,0,1,0,0,1,0,0,0,0,1,0,0
0,-0.5816283106401147,0.3133178419587343,1,0,0,1,0,0,0,1,0,0,0,0,0,0,1,1
0,0.5036169094488053,0.729024897975393,1,0,0,0,0,1,0,1,0,0,0,0,0,0,1,1
0,-1.5893560150083976,-0.03906639506003812,0,0,1,0,0,1,0,1,0,0,0,0,1,0,0,0
0,-1.4343209835671233,-0.03906639506003812,0,0,1,0,0,1,0,1,0,0,0,0,1,0,0,0
1,0.19354684656625676,-0.14105963787342762,0,1,0,0,0,1,0,0,1,0,0,0,0,0,1,1
1,1.5888621295377254,1.4139747798074924,1,0,0,1,0,0,0,0,1,0,0,0,0,0,1,0
1,2.674107349626645,-0.14105963787342762,1,0,0,0,0,1,0,0,1,0,0,0,0,1,0,0
0,-0.8141808578020261,-0.14105963787342762,0,1,0,0,0,1,0,0,0,1,0,0,0,0,1,1
1,-0.11652321631629182,-0.3757407724037623,0,1,0,1,0,0,0,0,1,0,0,0,0,1,0,1
1,0.2710643622868939,-0.24691992306836752,0,0,1,0,0,1,0,0,1,0,0,0,0,0,1,0
1,-1.6668735307290348,0.06679389013490176,0,1,0,0,0,1,1,0,0,0,0,0,0,0,1,1
1,-0.9692158892433004,1.5001769550558215,1,0,0,1,0,0,0,0,1,0,0,0,0,0,1,1
1,-0.19404073203692898,-0.14105963787342762,0,1,0,0,0,1,0,0,1,0,0,0,0,1,0,0
1,-0.11652321631629182,-0.49239590640679987,0,0,1,0,1,0,0,0,1,0,0,0,0,1,0,0
1,-0.5816283106401147,-0.5040782414414634,0,0,1,1,0,0,0,0,1,0,0,0,0,1,0,1
0,-0.5816283106401147,-0.49344387489220004,0,0,1,0,0,1,0,1,0,0,0,0,0,1,0,1
1,2.519072318185371,-0.13042527132416426,1,0,0,0,0,1,0,0,1,0,0,0,0,1,0,0
0,1.4338270980964511,0.12189924407199378,1,0,0,1,0,0,0,0,0,0,0,1,0,0,1,1
1,-0.11652321631629182,3.755468941836208,1,0,0,1,0,0,0,0,1,0,0,0,0,1,0,0
0,0.7361694566107168,0.8962744809774443,1,0,0,0,0,1,0,0,0,1,0,0,0,0,1,1
0,0.5036169094488053,-0.30734246028009116,0,0,1,0,0,1,0,0,0,1,0,0,0,0,1,1
1,-0.11652321631629182,-0.49392725518989383,0,0,1,0,1,0,0,0,1,0,0,0,0,1,0,0
1,0.8136869723313539,-0.4911081812937436,0,0,1,0,0,1,0,0,1,0,0,0,0,1,0,0
1,-0.11652321631629182,-0.3827497867203223,0,1,0,0,0,1,0,0,1,0,0,0,0,1,0,0
1,-0.11652321631629182,-0.48812669161756833,0,0,1,0,0,1,0,0,1,0,0,0,0,1,0,0
0,-0.11652321631629182,-0.48812669161756833,0,0,1,0,0,1,0,1,0,0,0,0,0,1,0,0
1,-0.4265932791988404,-0.17682977990276808,0,0,1,0,0,1,0,0,1,0,0,0,0,0,1,0
1,-0.8141808578020261,-0.4911081812937436,0,0,1,0,0,1,0,0,1,0,0,0,0,1,0,0
0,-0.03900570059565468,-0.23628555651910413,0,0,1,0,0,1,0,0,0,1,0,0,1,0,0,0
1,-0.11652321631629182,-0.5039970335514509,0,0,1,1,0,0,0,0,1,0,0,0,0,1,0,0
1,0.19354684656625676,-0.49191252610910613,0,0,1,0,0,1,0,0,1,0,0,0,0,1,0,1
1,2.519072318185371,-0.440755422443577,0,1,0,0,0,1,0,0,1,0,0,0,0,1,0,1
0,1.8214146766996369,0.3515860933665562,1,0,0,0,0,1,0,0,0,1,0,0,0,0,1,1
1,0.5036169094488053,-0.1335672432591739,1,0,0,0,0,1,0,0,1,0,0,0,0,1,0,1
0,-0.11652321631629182,-0.49392725518989383,0,0,1,0,1,0,0,1,0,0,0,0,0,1,0,1
1,-1.0467334049639376,-0.48812669161756833,0,0,1,0,0,1,0,0,1,0,0,0,0,1,0,0
1,-0.8141808578020261,-0.3634145748125707,0,0,1,0,0,1,0,0,1,0,0,0,0,1,0,0
0,0.34858187800753104,-0.39241739267419806,0,1,0,0,0,1,0,1,0,0,0,0,0,1,0,1
0,0.7361694566107168,0.4370631981683443,1,0,0,0,0,1,0,0,0,1,0,0,0,0,1,1
0,-0.11652321631629182,-0.3642208531491239,0,0,1,1,0,0,0,0,0,1,0,0,0,0,1,0
1,0.19354684656625676,-0.4905435931060373,0,0,1,0,0,1,0,0,1,0,0,0,0,1,0,1
0,-0.34907576347820324,-0.06371879024242134,0,1,0,0,0,1,0,1,0,0,0,0,0,0,1,1
0,0.7361694566107168,1.5001769550558215,1,0,0,1,0,0,0,0,0,1,0,0,0,0,1,1
1,1.898932192420274,-0.14105963787342762,0,1,0,0,0,1,0,0,1,0,0,0,0,1,0,0
1,0.5036169094488053,0.13205023032356333,1,0,0,1,0,0,0,0,1,0,0,0,0,1,0,0
1,-0.11652321631629182,-0.47531711372868296,0,0,1,1,0,0,0,0,1,0,0,0,0,1,0,0
0,-0.8916983735226632,0.8962744809774443,1,0,0,0,0,1,0,1,0,0,0,0,0,0,1,1
1,1.356309582375814,-0.35374696885869494,0,1,0,0,0,1,0,0,1,0,0,0,0,1,0,0
1,2.3640372867440966,0.8875736356189561,1,0,0,1,0,0,0,0,1,0,0,0,0,0,1,1
1,-0.5816283106401147,-0.48812669161756833,0,0,1,0,0,1,0,0,1,0,0,0,0,1,0,0
1,-0.11652321631629182,-0.48812669161756833,0,0,1,0,0,1,0,0,1,0,0,0,0,1,0,0
1,0.4260993937281682,-0.5060117626322386,0,0,1,0,0,1,0,0,1,0,0,0,0,1,0,0
0,1.7438971609789997,0.8695280823454514,1,0,0,1,0,0,0,0,0,1,0,0,0,0,1,1
1,1.356309582375814,-0.5035948611437696,0,0,1,0,0,1,0,0,1,0,0,0,0,1,0,0
0,-0.11652321631629182,-0.49392725518989383,0,0,1,0,1,0,0,1,0,0,0,0,0,0,1,0
1,0.5811344251694425,-0.14105963787342762,0,1,0,0,0,1,0,0,1,0,0,0,0,0,1,0
1,0.5036169094488053,-0.17682977990276808,0,0,1,0,0,1,0,0,1,0,0,0,0,0,1,0
0,-0.11652321631629182,-0.005713154519166626,0,1,0,0,0,1,0,1,0,0,0,0,0,1,0,1
1,1.5113446138170883,-0.6437751474749684,0,0,1,0,0,1,0,0,1,0,0,0,0,1,0,0
1,-0.11652321631629182,-0.5040782414414634,0,0,1,1,0,0,0,0,1,0,0,0,0,1,0,0
1,1.5113446138170883,0.4569629982638023,1,0,0,1,0,0,0,0,0,0,0,1,0,0,1,1
0,-0.4265932791988404,-0.12172442596567605,0,1,0,0,0,1,0,0,0,1,0,0,0,0,1,1
1,-0.11652321631629182,-0.4911081812937436,0,0,1,0,0,1,0,0,1,0,0,0,0,1,0,0
1,-0.11652321631629182,0.17603783741369813,1,0,0,0,0,1,0,0,1,0,0,0,0,1,0,0
1,1.1237570352139026,-0.48812669161756833,0,0,1,0,0,1,0,0,1,0,0,0,0,1,0,0
1,0.4260993937281682,-0.13042527132416426,1,0,0,1,0,0,0,0,1,0,0,0,0,1,0,1
1,0.5036169094488053,-0.3431126023094315,0,0,1,0,0,1,0,0,1,0,0,0,0,0,1,0
1,0.03851181512498246,-0.4911081812937436,0,0,1,0,0,1,0,0,1,0,0,0,0,1,0,0
1,-0.19404073203692898,-0.05405118428854556,1,0,0,0,0,1,0,0,1,0,0,0,0,1,0,1
0,-0.5816283106401147,0.16016749547981565,0,1,0,1,0,0,0,0,0,1,0,0,0,0,1,1
0,0.8136869723313539,2.323454809918357,1,0,0,0,0,1,0,1,0,0,0,0,0,1,0,1
0,0.7361694566107168,-0.03906639506003812,0,0,1,0,0,1,0,0,0,1,0,0,1,0,0,0
1,-0.11652321631629182,-0.50746190352532,0,0,1,0,0,1,0,0,1,0,0,0,0,1,0,0
0,-0.11652321631629182,-0.3440793629048191,0,0,1,0,1,0,0,1,0,0,0,0,0,0,1,1
1,-0.11652321631629182,-0.49392725518989383,0,0,1,0,1,0,0,0,1,0,0,0,0,1,0,0
1,0.4260993937281682,-0.48812669161756833,0,0,1,0,0,1,0,0,1,0,0,0,0,1,0,0
0,-0.4265932791988404,0.6130136265288837,0,1,0,0,0,1,0,1,0,0,0,0,0,0,1,1
1,0.34858187800753104,-0.3653480960033459,0,0,1,0,0,1,0,0,1,0,0,0,0,0,1,0
0,-0.2715582477575661,-0.33247823576016816,0,0,1,0,0,1,0,0,0,1,0,0,0,0,1,0
0,-1.9769435936115833,0.1102981169273428,0,1,0,0,0,1,0,1,0,0,0,0,0,0,1,1
1,-0.2715582477575661,-0.440755422443577,0,1,0,0,0,1,0,0,1,0,0,0,0,1,0,0
1,-0.19404073203692898,-0.3643001275179457,0,0,1,1,0,0,0,0,1,0,0,0,0,0,1,0
1,0.9687220037726282,0.3723714461673892,1,0,0,0,0,1,0,0,1,0,0,0,0,0,1,1
1,-0.736663342081389,-0.33940604218671555,0,0,1,1,0,0,0,0,1,0,0,0,0,0,1,1
1,-0.6591458263607518,-0.49191252610910613,0,0,1,0,0,1,0,0,1,0,0,0,0,1,0,0
1,-0.6591458263607518,-0.33247823576016816,0,0,1,0,0,1,0,0,1,0,0,0,0,1,0,0
1,2.4415548024647338,-0.018845630446911524,1,0,0,0,0,1,0,0,1,0,0,0,0,1,0,0
1,2.131484739582185,-0.40498528041423654,0,1,0,0,1,0,0,0,0,0,1,0,0,1,0,0
0,-0.6591458263607518,0.8635651029931007,1,0,0,0,0,1,0,1,0,0,0,0,0,1,0,1
1,-0.2715582477575661,-0.4911081812937436,0,0,1,0,0,1,0,0,1,0,0,0,0,1,0,0
1,-0.11652321631629182,-0.49425015322875326,0,0,1,0,1,0,0,0,1,0,0,0,0,1,0,0
1,3.91438760115684,-0.06371879024242134,1,0,0,0,0,1,0,0,1,0,0,0,0,1,0,1
1,1.6663796452583626,-0.5073806956353073,0,0,1,0,0,1,0,0,1,0,0,0,0,1,0,0
1,0.19354684656625676,-0.05405118428854556,1,0,0,1,0,0,0,0,0,0,1,0,0,1,0,1
1,-0.11652321631629182,-0.6437751474749684,1,0,0,0,0,1,0,0,1,0,0,0,0,1,0,0
0,-1.5893560150083976,-0.10432273524869967,0,0,1,0,0,1,0,1,0,0,0,0,1,0,0,0
0,-0.11652321631629182,-0.39241739267419806,0,1,0,0,0,1,0,1,0,0,0,0,0,1,0,1
1,0.19354684656625676,-0.4905435931060373,0,0,1,0,0,1,0,0,1,0,0,0,0,1,0,0
1,0.1160293308456196,-0.13622583489648973,0,1,0,0,0,1,0,0,1,0,0,0,0,0,1,0
0,0.891204488051991,0.123591075113922,0,0,1,0,0,1,0,0,0,1,0,0,1,0,0,0
1,-0.11652321631629182,-0.33247823576016816,0,0,1,0,0,1,0,0,1,0,0,0,0,0,1,0
1,-0.736663342081389,-0.49191252610910613,0,0,1,0,0,1,0,0,1,0,0,0,0,1,0,0
0,-0.4265932791988404,0.6961550377322153,1,0,0,1,0,0,0,1,0,0,0,0,0,1,0,1
0,-2.1319786250528576,-0.10432273524869967,0,0,1,0,0,1,0,1,0,0,0,0,1,0,0,0
1,-0.11652321631629182,0.4485831174229828,0,0,1,0,0,1,0,0,1,0,0,0,0,1,0,1
0,-2.228875519703654,-0.27141183599191643,0,0,1,1,0,0,0,1,0,0,0,0,0,0,1,1
1,1.4338270980964511,0.8398001940372836,1,0,0,1,0,0,0,0,1,0,0,0,0,0,1,1
1,-0.8141808578020261,-0.4911081812937436,0,0,1,0,0,1,0,0,1,0,0,0,0,1,0,0
1,2.053967223861548,0.0426248752502123,1,0,0,1,0,0,0,0,0,0,1,0,0,1,0,1
1,-0.11652321631629182,-0.4977942975714441,0,0,1,0,0,1,0,0,1,0,0,0,0,1,0,0
0,-0.5041107949194775,-0.4977942975714441,0,0,1,0,0,1,0,1,0,0,0,0,0,1,0,1
1,-0.11652321631629182,-0.4911081812937436,0,0,1,0,0,1,0,0,1,0,0,0,0,1,0,0
0,-0.8916983735226632,-0.19906527359668233,0,1,0,0,0,1,0,1,0,0,0,0,0,0,1,1
1,-0.6591458263607518,-0.4807155048933272,0,0,1,0,0,1,0,0,1,0,0,0,0,1,0,0
0,-0.11652321631629182,-0.49239590640679987,0,0,1,0,1,0,0,1,0,0,0,0,0,1,0,1
0,-0.8916983735226632,-0.5132624670976453,0,0,1,0,1,0,0,1,0,0,0,0,0,1,0,0
1,-0.4265932791988404,0.777362927744772,0,1,0,0,0,1,0,0,1,0,0,0,0,0,1,0
1,-0.11652321631629182,-0.4911081812937436,0,0,1,0,0,1,0,0,1,0,0,0,0,1,0,0
0,0.19354684656625676,-0.3440793629048191,0,0,1,0,1,0,0,0,0,1,0,0,0,0,1,0
1,-0.5041107949194775,-0.39241739267419806,0,1,0,0,0,1,0,0,1,0,0,0,0,1,0,0
1,2.2090022553028223,1.546420981375591,1,0,0,1,0,0,0,0,1,0,0,0,0,0,1,0
1,1.5888621295377254,1.9403759239960292,1,0,0,0,0,1,0,0,0,0,1,0,0,0,1,1
1,0.8136869723313539,-0.5040782414414634,0,0,1,1,0,0,0,0,1,0,0,0,0,1,0,0
1,1.356309582375814,-0.1490354127853752,1,0,0,0,0,1,0,0,1,0,0,0,0,1,0,0
1,0.5036169094488053,-0.4988422660568443,0,0,1,0,0,1,0,0,1,0,0,0,0,1,0,0
1,-0.736663342081389,-0.4905435931060373,0,0,1,0,0,1,0,0,1,0,0,0,0,0,1,1
1,0.19354684656625676,0.777362927744772,0,1,0,0,0,1,0,0,1,0,0,0,0,0,1,0
1,-0.34907576347820324,-0.39241739267419806,0,1,0,0,0,1,0,0,1,0,0,0,0,1,0,0
1,-0.11652321631629182,-0.49344387489220004,0,0,1,0,0,1,0,0,1,0,0,0,0,1,0,0
1,1.0462395194932654,-0.48812669161756833,0,0,1,0,0,1,0,0,1,0,0,0,0,1,0,0
0,-0.11652321631629182,0.36165587172811325,1,0,0,0,0,1,0,0,0,1,0,0,0,0,1,1
0,0.8136869723313539,0.1102981169273428,0,1,0,0,0,1,0,0,0,1,0,0,0,0,1,1
1,0.1160293308456196,0.36165587172811325,1,0,0,0,0,1,0,0,1,0,0,0,0,0,1,0
1,3.139212443950468,-0.440755422443577,0,1,0,0,0,1,0,0,1,0,0,0,0,1,0,0
1,0.1160293308456196,-0.39241739267419806,0,1,0,0,0,1,0,0,1,0,0,0,0,1,0,1
1,-0.11652321631629182,-0.6437751474749684,0,1,0,0,0,1,0,0,1,0,0,0,0,1,0,0
1,-0.8916983735226632,-0.49344387489220004,0,0,1,0,0,1,0,0,1,0,0,0,0,1,0,0
1,-0.3878345213385218,-0.48812669161756833,0,0,1,0,0,1,0,0,1,0,0,0,0,1,0,0
0,-0.8916983735226632,-0.45348379244244985,0,0,1,0,0,1,0,1,0,0,0,0,0,1,0,1
0,1.0462395194932654,0.2630462909985802,0,0,1,0,0,1,0,0,0,1,0,0,1,0,0,0
1,0.5036169094488053,9.262218501053868,1,0,0,1,0,0,0,0,1,0,0,0,0,0,1,1
0,-0.11652321631629182,-0.4864348605756401,0,0,1,0,1,0,0,1,0,0,0,0,0,1,0,0
1,-0.19404073203692898,0.8398001940372836,1,0,0,1,0,0,0,0,1,0,0,0,0,1,0,1
1,-0.736663342081389,-0.46540781762596023,0,0,1,0,0,1,0,0,1,0,0,0,0,1,0,0
1,-1.201768436405212,0.2630462909985802,0,0,1,0,0,1,0,0,1,0,0,0,1,0,0,0
1,2.3640372867440966,0.1102981169273428,0,1,0,0,0,1,0,0,1,0,0,0,0,0,1,0
1,-0.34907576347820324,0.16016749547981565,0,1,0,1,0,0,0,0,1,0,0,0,0,0,1,0
1,-1.201768436405212,0.123591075113922,0,0,1,0,0,1,0,0,1,0,0,0,1,0,0,0
1,-0.8141808578020261,-0.4471205742036088,0,0,1,0,0,1,0,0,1,0,0,0,0,1,0,0
1,-0.8916983735226632,-0.4930417024845188,0,0,1,0,0,1,0,0,1,0,0,0,0,1,0,0
0,-1.1242509206845748,3.4424801990794793,1,0,0,0,0,1,0,1,0,0,0,0,0,0,1,1
1,0.1160293308456196,0.4583319312668711,1,0,0,0,0,1,0,0,1,0,0,0,0,0,1,1
0,-1.9769435936115833,-0.384360409872238,0,0,1,1,0,0,0,1,0,0,0,0,0,0,1,1
1,-0.11652321631629182,0.4485831174229828,0,0,1,0,0,1,0,0,1,0,0,0,0,1,0,1
1,-0.34907576347820324,-0.5040782414414634,0,0,1,1,0,0,0,0,1,0,0,0,0,1,0,0
1,2.3640372867440966,-0.13042527132416426,1,0,0,0,0,1,0,0,0,0,1,0,0,1,0,0
1,1.7438971609789997,-0.3827497867203223,0,1,0,0,0,1,0,0,1,0,0,0,0,1,0,0
1,1.1237570352139026,-0.48812669161756833,0,0,1,0,0,1,0,0,1,0,0,0,0,1,0,0
0,-0.11652321631629182,-0.49425015322875326,0,0,1,0,1,0,0,1,0,0,0,0,0,1,0,1
1,1.5113446138170883,1.5001769550558215,1,0,0,1,0,0,0,0,1,0,0,0,0,0,1,0
1,0.9687220037726282,-0.495860776380669,0,0,1,0,0,1,0,0,1,0,0,0,0,1,0,0
0,-0.8916983735226632,3.755468941836208,1,0,0,1,0,0,0,0,0,1,0,0,0,0,1,1
1,0.4260993937281682,-0.13550076444994902,1,0,0,0,0,1,0,0,1,0,0,0,0,1,0,1
0,-0.8916983735226632,-0.3643001275179457,0,0,1,1,0,0,0,1,0,0,0,0,0,0,1,0
1,-0.34907576347820324,-0.49408773744872814,0,0,1,0,1,0,0,0,1,0,0,0,0,1,0,0
1,-0.2715582477575661,-0.49191252610910613,0,0,1,0,0,1,0,0,1,0,0,0,0,0,1,0
1,0.7361694566107168,-0.14105963787342762,0,1,0,0,0,1,0,0,1,0,0,0,0,1,0,0
0,1.2012745509345397,-0.3827497867203223,0,1,0,0,0,1,0,0,0,1,0,0,0,1,0,1
1,0.9687220037726282,-0.13550076444994902,1,0,0,0,0,1,0,0,1,0,0,0,0,1,0,1
0,-0.5816283106401147,2.2864762171447826,1,0,0,0,0,1,0,1,0,0,0,0,0,1,0,1
1,-0.11652321631629182,-0.3489943737717696,0,0,1,1,0,0,1,0,0,0,0,0,0,0,1,1
0,-0.4265932791988404,0.31339904984874684,1,0,0,1,0,0,0,1,0,0,0,0,0,1,0,1
1,-0.11652321631629182,-0.13042527132416426,1,0,0,0,0,1,0,0,1,0,0,0,0,1,0,0
1,1.4338270980964511,0.36165587172811325,1,0,0,0,0,1,0,0,1,0,0,0,0,0,1,1
1,-0.03900570059565468,-0.460413532390188,0,0,1,0,0,1,0,0,1,0,0,0,0,1,0,0
1,1.7438971609789997,-0.39241739267419806,0,1,0,0,0,1,0,0,1,0,0,0,0,1,0,0
1,-0.8141808578020261,-0.495860776380669,0,0,1,0,0,1,0,0,1,0,0,0,0,1,0,0
0,0.6586519408900796,3.755468941836208,1,0,0,1,0,0,0,1,0,0,0,0,0,1,0,1
0,-0.19404073203692898,-0.440755422443577,0,1,0,0,0,1,0,1,0,0,0,0,0,1,0,1
1,-0.11652321631629182,-0.3440793629048191,0,0,1,0,1,0,0,0,1,0,0,0,0,1,0,0
1,0.2710643622868939,-0.49344387489220004,0,0,1,0,0,1,0,0,1,0,0,0,0,1,0,0
0,-1.821908562170309,-0.005713154519166626,0,1,0,0,0,1,0,1,0,0,0,0,0,0,1,1
1,-0.9692158892433004,-0.5073806956353073,0,0,1,0,0,1,0,0,1,0,0,0,0,0,1,0
1,0.34858187800753104,-0.39241739267419806,0,1,0,0,0,1,0,0,1,0,0,0,0,1,0,0
1,1.5888621295377254,-0.39241739267419806,0,1,0,0,0,1,0,0,1,0,0,0,0,1,0,0
1,-0.19404073203692898,0.38292460482664,1,0,0,0,0,1,0,0,1,0,0,0,0,0,1,1
1,-0.736663342081389,-0.4762838743240705,0,0,1,0,0,1,0,0,1,0,0,0,0,1,0,0
0,0.03851181512498246,-0.23773569741218548,0,1,0,0,0,1,0,0,0,1,0,0,0,0,1,1
0,-0.11652321631629182,-0.4941689453387407,0,0,1,0,1,0,0,1,0,0,0,0,0,1,0,1
1,-0.34907576347820324,-0.14105963787342762,0,1,0,0,0,1,0,0,1,0,0,0,0,0,1,0
0,-0.34907576347820324,-0.4905435931060373,0,0,1,0,0,1,0,1,0,0,0,0,0,0,1,0
0,-0.03900570059565468,3.4424801990794793,1,0,0,0,0,1,0,1,0,0,0,0,0,1,0,1
1,-1.4343209835671233,-0.2805148537580858,0,0,1,1,0,0,0,0,1,0,0,0,0,1,0,0
1,-0.11652321631629182,-0.6437751474749684,0,1,0,0,0,1,0,0,1,0,0,0,0,1,0,0
1,-0.5041107949194775,-0.39241739267419806,0,1,0,0,0,1,0,0,1,0,0,0,0,1,0,0
1,-0.5041107949194775,-0.39241739267419806,0,1,0,0,0,1,0,0,1,0,0,0,0,1,0,0
1,-0.07776445845597325,-0.33247823576016816,0,0,1,0,0,1,0,0,1,0,0,0,0,1,0,0
0,1.4338270980964511,0.020872761853991784,0,0,1,0,0,1,0,0,0,1,0,0,1,0,0,0
1,0.4260993937281682,9.262218501053868,1,0,0,1,0,0,0,0,1,0,0,0,0,1,0,1
1,-0.11652321631629182,-0.4911081812937436,0,0,1,0,0,1,0,0,1,0,0,0,0,1,0,0
1,-0.11652321631629182,-0.4911081812937436,0,0,1,0,0,1,0,0,1,0,0,0,0,1,0,0
1,-0.11652321631629182,-0.06371879024242134,1,0,0,0,0,1,0,0,1,0,0,0,0,1,0,1
1,0.5036169094488053,0.8808063114512428,1,0,0,0,0,1,0,0,1,0,0,0,0,0,1,0
0,-0.6591458263607518,4.42930107682135,1,0,0,1,0,0,0,1,0,0,0,0,1,0,0,1
1,-0.4265932791988404,-0.33247823576016816,0,0,1,0,0,1,0,0,1,0,0,0,0,0,1,0
1,0.1160293308456196,-0.4905435931060373,0,0,1,0,0,1,0,0,1,0,0,0,0,1,0,1
1,3.139212443950468,0.729024897975393,1,0,0,0,0,1,0,0,0,0,1,0,0,0,1,0
1,-1.0467334049639376,-0.2522371063429992,0,0,1,0,0,1,0,0,1,0,0,0,0,0,1,0
0,0.03851181512498246,-0.39241739267419806,0,1,0,0,0,1,0,1,0,0,0,0,0,1,0,1
1,-0.8141808578020261,0.38292460482664,1,0,0,0,0,1,0,0,1,0,0,0,0,0,1,0
1,0.1160293308456196,-0.49392725518989383,0,0,1,0,1,0,0,0,1,0,0,0,0,1,0,0
0,-1.9769435936115833,-0.19906527359668233,0,1,0,0,0,1,0,1,0,0,0,0,0,0,1,1
1,-1.821908562170309,-0.40256837892576763,0,0,1,0,0,1,1,0,0,0,0,0,0,0,1,1
1,0.2710643622868939,-0.4600906343513286,0,0,1,0,0,1,0,0,1,0,0,0,0,1,0,0
1,-0.5041107949194775,-0.4911081812937436,0,0,1,0,0,1,0,0,1,0,0,0,0,1,0,0
0,1.4338270980964511,0.6130136265288837,0,1,0,0,0,1,0,0,0,1,0,0,0,0,1,1
1,-2.235076920961305,-0.3634145748125707,0,1,0,0,0,1,1,0,0,0,0,0,0,0,1,1
1,-0.11652321631629182,-0.4930417024845188,0,0,1,0,0,1,0,0,1,0,0,0,0,1,0,0
1,-0.8916983735226632,-0.4214202105358254,0,1,0,0,0,1,0,0,1,0,0,0,0,1,0,0
1,0.34858187800753104,-0.48812669161756833,0,0,1,0,0,1,0,0,1,0,0,0,0,1,0,0
0,0.2710643622868939,1.0287206825455424,1,0,0,0,0,1,0,0,0,0,0,1,0,1,0,1
1,-0.11652321631629182,-0.3634145748125707,0,0,1,0,0,1,0,0,1,0,0,0,0,1,0,0
1,0.891204488051991,-0.5060117626322386,0,0,1,0,0,1,0,0,1,0,0,0,0,1,0,0
1,-0.736663342081389,-0.5039970335514509,0,0,1,1,0,0,0,0,1,0,0,0,0,1,0,1
0,0.5036169094488053,1.67645028145522,1,0,0,0,0,1,0,0,0,1,0,0,0,0,1,1
1,-1.0467334049639376,-0.49344387489220004,0,0,1,0,0,1,0,0,1,0,0,0,0,1,0,0
0,1.6663796452583626,0.8635651029931007,1,0,0,0,0,1,0,0,0,1,0,0,0,0,1,1
1,-0.11652321631629182,0.12189924407199378,1,0,0,1,0,0,0,0,0,0,1,0,0,1,0,0
0,0.07727057298530103,-0.49392725518989383,0,0,1,0,1,0,0,1,0,0,0,0,0,1,0,0
1,-0.11652321631629182,-0.17682977990276808,0,0,1,0,1,0,0,0,1,0,0,0,0,0,1,0
1,0.19354684656625676,-0.48208443789639593,0,0,1,0,0,1,0,0,1,0,0,0,0,1,0,0
1,-0.4265932791988404,-0.4600906343513286,0,0,1,0,0,1,0,0,1,0,0,0,0,1,0,0
1,1.4338270980964511,-0.49191252610910613,0,0,1,0,0,1,0,0,1,0,0,0,0,1,0,0
0,2.131484739582185,-0.440755422443577,0,1,0,0,0,1,0,0,0,1,0,0,0,1,0,0
1,-0.11652321631629182,-0.5040782414414634,0,0,1,1,0,0,0,0,1,0,0,0,0,1,0,0
0,1.898932192420274,-0.19906527359668233,0,1,0,0,0,1,0,0,0,1,0,0,1,0,0,1
1,-0.8916983735226632,-0.49392725518989383,0,0,1,0,0,1,0,0,1,0,0,0,0,1,0,0
1,-0.11652321631629182,-0.49392725518989383,0,0,1,0,1,0,0,0,1,0,0,0,0,1,0,0
0,-1.8994260778909462,-0.40256837892576763,0,0,1,0,0,1,0,1,0,0,0,0,0,1,0,1
1,-0.11652321631629182,-0.4941689453387407,0,0,1,0,1,0,0,0,1,0,0,0,0,1,0,0
0,1.0462395194932654,3.4424801990794793,1,0,0,0,0,1,0,0,0,1,0,0,0,0,1,1
0,-1.279285952125849,-0.5039970335514509,0,0,1,1,0,0,0,1,0,0,0,0,0,1,0,1
0,-0.9692158892433004,0.4583319312668711,1,0,0,0,0,1,0,0,0,1,0,0,0,0,1,1
1,-0.03900570059565468,-0.06371879024242134,1,0,0,0,0,1,0,0,1,0,0,0,0,1,0,0
1,-0.11652321631629182,-0.19036442823819416,0,0,1,0,0,1,0,0,1,0,0,0,0,0,1,0
1,-0.34907576347820324,-0.50746190352532,0,0,1,0,0,1,0,0,1,0,0,0,0,1,0,0
1,-0.34907576347820324,-0.5035948611437696,0,0,1,0,0,1,0,0,1,0,0,0,0,1,0,0
0,-0.8916983735226632,-0.4988422660568443,0,0,1,0,0,1,0,1,0,0,0,0,0,1,0,1
1,-1.6668735307290348,-0.08063710066170397,0,0,1,0,1,0,1,0,0,0,0,0,1,0,0,0
1,-2.2094961407734948,-0.2459531624729799,0,0,1,0,0,1,1,0,0,0,0,0,0,0,1,1
1,1.2787920666551769,0.8875736356189561,1,0,0,1,0,0,0,0,1,0,0,0,0,1,0,0
1,-0.11652321631629182,-0.49392725518989383,0,0,1,0,1,0,0,0,1,0,0,0,0,1,0,0
1,-1.0467334049639376,-0.14105963787342762,0,1,0,0,0,1,0,0,1,0,0,0,0,1,0,0
0,-0.11652321631629182,0.7009888407091532,0,0,1,0,0,1,0,1,0,0,0,0,1,0,0,0
1,-0.11652321631629182,-0.05026534979700783,1,0,0,1,0,0,0,0,1,0,0,0,0,1,0,0
1,-0.34907576347820324,-0.4911081812937436,0,0,1,0,0,1,0,0,1,0,0,0,0,1,0,0
1,0.7361694566107168,-0.39241739267419806,0,1,0,0,0,1,0,0,1,0,0,0,0,1,0,0
0,1.5113446138170883,-0.1424285708764964,1,0,0,0,0,1,0,0,0,0,1,0,0,1,0,1
0,0.1160293308456196,-0.4758817019163893,0,0,1,0,0,1,0,0,0,1,0,0,0,1,0,1
1,0.03851181512498246,-0.5039970335514509,0,0,1,1,0,0,0,0,1,0,0,0,0,1,0,0
0,0.03851181512498246,-0.17682977990276808,0,0,1,0,0,1,0,0,0,1,0,0,0,0,1,0
1,0.34858187800753104,-0.39241739267419806,0,1,0,0,0,1,0,0,1,0,0,0,0,1,0,0
0,0.1160293308456196,-0.13622583489648973,0,1,0,0,0,1,0,0,0,1,0,0,0,0,1,1
1,-1.4343209835671233,1.67645028145522,1,0,0,0,0,1,1,0,0,0,0,0,0,0,1,1
1,-2.2544562998914643,-0.4791029482202207,0,0,1,1,0,0,1,0,0,0,0,0,0,0,1,1
1,-0.19404073203692898,-0.5089120444184012,0,0,1,0,0,1,0,0,1,0,0,0,0,1,0,1
1,0.1160293308456196,-0.49344387489220004,0,0,1,0,0,1,0,0,1,0,0,0,0,1,0,0
1,0.7361694566107168,-0.6437751474749684,1,0,0,0,0,1,0,0,1,0,0,0,0,1,0,0
0,-0.8916983735226632,-0.49344387489220004,0,0,1,0,0,1,0,1,0,0,0,0,0,1,0,0
1,0.7361694566107168,-0.39241739267419806,0,1,0,0,0,1,0,0,1,0,0,0,0,1,0,0
0,0.2710643622868939,0.38292460482664,1,0,0,0,0,1,0,0,0,1,0,0,0,0,1,1
1,-0.2715582477575661,-0.491268663552578,0,0,1,0,0,1,0,0,1,0,0,0,0,1,0,0
1,0.7361694566107168,-0.17682977990276808,0,0,1,0,0,1,0,0,1,0,0,0,0,1,0,0
1,0.4260993937281682,-0.440755422443577,0,1,0,0,0,1,0,0,1,0,0,0,0,1,0,0
0,-1.821908562170309,-0.03906639506003812,0,0,1,0,0,1,0,1,0,0,0,0,1,0,0,0
1,0.07727057298530103,-0.48812669161756833,0,0,1,0,0,1,0,0,1,0,0,0,0,1,0,0
1,-0.11652321631629182,-0.6437751474749684,1,0,0,0,0,1,0,0,1,0,0,0,0,1,0,0
0,-0.5041107949194775,-0.4905435931060373,0,0,1,0,0,1,0,1,0,0,0,0,0,1,0,0
1,0.1160293308456196,0.07170890100185216,0,1,0,1,0,0,0,0,1,0,0,0,0,0,1,0
1,1.0462395194932654,-0.5190630306699708,0,0,1,0,0,1,0,0,1,0,0,0,0,1,0,0
1,-1.5118384992877605,-0.10432273524869967,0,0,1,0,0,1,1,0,0,0,0,0,1,0,0,0
0,1.7438971609789997,1.1640671658998034,1,0,0,0,0,1,0,0,0,1,0,0,0,0,1,1
1,-0.19404073203692898,-0.4762838743240705,0,0,1,0,0,1,0,0,1,0,0,0,0,1,0,1
1,0.6586519408900796,-0.6437751474749684,1,0,0,0,0,1,1,0,0,0,0,0,0,1,0,0
0,-0.19404073203692898,-0.40256837892576763,0,0,1,0,0,1,0,0,0,1,0,0,0,0,1,1
1,-2.1319786250528576,0.123591075113922,0,0,1,0,0,1,1,0,0,0,0,0,1,0,0,0
1,-0.11652321631629182,-0.5093954247160951,0,0,1,0,1,0,0,0,1,0,0,0,0,1,0,0
1,-0.11652321631629182,0.4485831174229828,0,0,1,0,0,1,0,0,1,0,0,0,0,1,0,0
1,-2.2094961407734948,0.07170890100185216,0,1,0,1,0,0,1,0,0,0,0,0,0,0,1,1
1,-0.11652321631629182,-0.49392725518989383,0,0,1,0,1,0,0,0,1,0,0,0,0,1,0,1
0,2.519072318185371,0.9030418051451572,1,0,0,0,0,0,0,0,0,1,0,0,0,1,0,1
0,-1.1242509206845748,-0.3643001275179457,0,0,1,1,0,0,0,0,0,1,0,0,0,0,1,1
1,-2.2226741184460033,-0.2812399242046265,0,1,0,0,0,1,1,0,0,0,0,0,0,0,1,1
1,-0.11652321631629182,-0.5039970335514509,0,0,1,1,0,0,0,0,1,0,0,0,0,1,0,0
1,-0.5041107949194775,-0.49191252610910613,0,0,1,0,0,1,0,0,1,0,0,0,0,1,0,0
1,-0.8916983735226632,-0.4832928886406304,0,0,1,0,0,1,0,0,1,0,0,0,0,1,0,0
0,0.7361694566107168,0.964108204913409,1,0,0,1,0,0,0,1,0,0,0,0,0,0,1,1
1,-0.6591458263607518,-0.4762838743240705,0,0,1,0,0,1,0,0,1,0,0,0,0,1,0,0
1,-0.11652321631629182,-0.48812669161756833,0,0,1,0,0,1,0,0,1,0,0,0,0,1,0,0
1,0.19354684656625676,0.4485831174229828,0,0,1,0,0,1,0,0,1,0,0,0,0,1,0,1
1,-0.11652321631629182,-0.06951935381474683,1,0,0,1,0,0,0,0,1,0,0,0,0,1,0,1
1,-0.736663342081389,-0.4905435931060373,0,0,1,0,0,1,0,0,1,0,0,0,0,1,0,0
1,-1.0467334049639376,-0.440755422443577,0,1,0,0,0,1,0,0,1,0,0,0,0,1,0,0
0,0.03851181512498246,-0.04438357833466977,1,0,0,1,0,0,0,1,0,0,0,0,0,1,0,1
1,0.3873406358678496,-0.5193047208188177,0,0,1,1,0,0,0,0,1,0,0,0,0,1,0,0
1,-0.9692158892433004,-0.4762838743240705,0,0,1,0,0,1,0,0,1,0,0,0,0,1,0,0
1,0.9687220037726282,-0.4977942975714441,0,0,1,0,0,1,0,0,1,0,0,0,0,1,0,0
1,-0.11652321631629182,0.7009888407091532,0,0,1,0,0,1,0,0,1,0,0,0,1,0,0,0
1,0.4260993937281682,-0.4911081812937436,0,0,1,1,0,0,0,0,1,0,0,0,0,1,0,0
1,-0.11652321631629182,-0.005713154519166626,0,1,0,0,0,1,0,0,0,0,1,0,0,0,1,0
0,-0.11652321631629182,1.0790734413957093,1,0,0,1,0,0,0,0,0,1,0,0,0,0,1,1
1,-1.9769435936115833,-0.03906639506003812,0,0,1,0,0,1,1,0,0,0,0,0,1,0,0,0
1,3.4492825068330166,-0.49344387489220004,0,0,1,0,0,1,0,0,1,0,0,0,0,1,0,0
0,-1.5893560150083976,-0.3489943737717696,0,0,1,1,0,0,0,1,0,0,0,0,0,0,1,0
0,-1.0467334049639376,0.1180322016904434,1,0,0,0,0,1,0,1,0,0,0,0,0,0,1,1
0,1.1237570352139026,-0.14105963787342762,0,1,0,0,0,1,0,0,0,1,0,0,0,0,1,0
0,-0.8916983735226632,-0.46299091613749127,0,0,1,0,0,1,0,0,0,1,0,0,0,0,1,1
0,1.2012745509345397,2.543957433556738,1,0,0,0,0,1,0,0,0,1,0,0,0,0,1,1
1,1.6663796452583626,-0.13042527132416426,1,0,0,0,0,1,0,0,1,0,0,0,0,1,0,1
0,-0.4265932791988404,-0.27141183599191643,0,0,1,1,0,0,0,0,0,1,0,0,0,0,1,1
1,-0.11652321631629182,-0.5039970335514509,0,0,1,1,0,0,0,0,1,0,0,0,0,1,0,0
1,0.891204488051991,-0.370988177316837,0,0,1,0,0,1,0,0,1,0,0,0,0,0,1,0
1,-0.6591458263607518,-0.4214202105358254,0,1,0,0,0,1,0,0,1,0,0,0,0,0,1,0
0,1.4338270980964511,-0.1424285708764964,1,0,0,0,0,1,0,0,0,1,0,0,0,1,0,1
0,-0.11652321631629182,0.7009888407091532,0,0,1,0,0,1,0,1,0,0,0,0,1,0,0,0
1,-0.4265932791988404,-0.39241739267419806,0,1,0,0,0,1,0,0,1,0,0,0,0,1,0,0
0,0.9687220037726282,-0.39241739267419806,0,1,0,0,0,1,0,0,0,1,0,0,0,1,0,1
0,-0.19404073203692898,-0.3758219802937749,0,1,0,1,0,0,0,1,0,0,0,0,0,0,1,1
1,0.1160293308456196,0.3325718459764734,1,0,0,0,0,1,0,0,1,0,0,0,0,1,0,0
1,-0.11652321631629182,-0.4600906343513286,0,0,1,0,0,1,0,0,1,0,0,0,0,1,0,0
1,-1.9769435936115833,-0.428510432742398,0,0,1,0,0,1,1,0,0,0,0,0,0,0,1,1
1,-0.2715582477575661,-0.4911081812937436,0,0,1,0,0,1,0,0,1,0,0,0,0,1,0,0
0,1.356309582375814,0.3723714461673892,1,0,0,0,0,1,0,0,0,1,0,0,0,0,1,1
1,0.2710643622868939,-0.5470990879362106,1,0,0,0,0,1,0,0,1,0,0,0,0,1,0,0
1,1.356309582375814,-0.46975824030520436,0,0,1,0,0,1,0,0,1,0,0,0,0,1,0,0
0,-0.11652321631629182,-0.17973006168893077,0,1,0,1,0,0,0,0,0,1,0,0,0,0,1,1
0,-1.1242509206845748,-0.5040782414414634,0,0,1,1,0,0,0,1,0,0,0,0,0,1,0,1
1,-0.736663342081389,-0.4534045180736281,0,0,1,0,0,1,0,0,1,0,0,0,0,1,0,0
1,-0.8141808578020261,-0.4911081812937436,0,0,1,0,0,1,0,0,1,0,0,0,0,1,0,0
1,-0.11652321631629182,-0.4911081812937436,0,0,1,0,0,1,0,0,1,0,0,0,0,1,0,0
0,2.053967223861548,0.964108204913409,1,0,0,1,0,0,0,0,0,1,0,0,0,0,1,1
0,-0.34907576347820324,-0.14105963787342762,0,1,0,0,0,1,0,0,0,1,0,0,0,0,1,1
1,0.2710643622868939,-0.4911081812937436,0,0,1,0,0,1,0,0,1,0,0,0,0,1,0,0
0,-0.5816283106401147,-0.44043252440471753,0,0,1,0,0,1,0,1,0,0,0,0,0,1,0,0
1,-0.11652321631629182,-0.440755422443577,0,1,0,0,0,1,0,0,1,0,0,0,0,1,0,0
1,-0.34907576347820324,-0.50746190352532,0,0,1,0,0,1,0,0,1,0,0,0,0,1,0,0
0,0.7361694566107168,-0.08063710066170397,0,0,1,0,1,0,0,0,0,1,0,0,1,0,0,0
1,-0.19404073203692898,-0.39241739267419806,0,1,0,0,0,1,0,0,0,0,1,0,0,1,0,0
0,-0.8141808578020261,-0.06371879024242134,1,0,0,0,0,1,0,1,0,0,0,0,0,1,0,1
0,-0.11652321631629182,-0.19036442823819416,0,0,1,0,0,1,0,1,0,0,0,0,0,0,1,0
1,-0.2715582477575661,-0.06371879024242134,1,0,0,1,0,0,0,0,1,0,0,0,0,1,0,1
1,0.19354684656625676,-0.49392725518989383,0,0,1,0,1,0,0,0,1,0,0,0,0,1,0,0
